attachments,author_ad,carousel_offset,comments,coowners,copy_history,copyright,date,donut,donut_miniapp_url,edited,from_id,geo,id,inner_type,likes,marked_as_ads,marked_as_author_ad,owner_id,post_source,post_type,reposts,signer_id,text,type,views,zoom_text
"[{'type': 'photo', 'photo': {'album_id': -7, 'date': 1753333942, 'id': 457244345, 'owner_id': -111536377, 'access_key': '2cbae7b13d437f9d72', 'post_id': 24558, 'sizes': [{'height': 90, 'type': 's', 'width': 72, 'url': 'https://sun9-72.userapi.com/s/v1/ig2/tVAh7zflyI3ahZMXM4IsipPF2fXcIXMIKGom4ndrjA5CZ7YVSDXA1DVXOU1TGECw5u5N6f-WvxMmRceW3fmJ2ocd.jpg?quality=95&as=32x40,48x60,72x90,108x135,160x200,240x300,360x450,480x600,540x675,640x800,720x900,1080x1350,1280x1600,1440x1800&from=bu&cs=72x0'}, {'height': 200, 'type': 'm', 'width': 160, 'url': 'https://sun9-72.userapi.com/s/v1/ig2/tVAh7zflyI3ahZMXM4IsipPF2fXcIXMIKGom4ndrjA5CZ7YVSDXA1DVXOU1TGECw5u5N6f-WvxMmRceW3fmJ2ocd.jpg?quality=95&as=32x40,48x60,72x90,108x135,160x200,240x300,360x450,480x600,540x675,640x800,720x900,1080x1350,1280x1600,1440x1800&from=bu&cs=160x0'}, {'height': 800, 'type': 'x', 'width': 640, 'url': 'https://sun9-72.userapi.com/s/v1/ig2/tVAh7zflyI3ahZMXM4IsipPF2fXcIXMIKGom4ndrjA5CZ7YVSDXA1DVXOU1TGECw5u5N6f-WvxMmRceW3fmJ2ocd.jpg?quality=95&as=32x40,48x60,72x90,108x135,160x200,240x300,360x450,480x600,540x675,640x800,720x900,1080x1350,1280x1600,1440x1800&from=bu&cs=640x0'}, {'height': 1350, 'type': 'y', 'width': 1080, 'url': 'https://sun9-72.userapi.com/s/v1/ig2/tVAh7zflyI3ahZMXM4IsipPF2fXcIXMIKGom4ndrjA5CZ7YVSDXA1DVXOU1TGECw5u5N6f-WvxMmRceW3fmJ2ocd.jpg?quality=95&as=32x40,48x60,72x90,108x135,160x200,240x300,360x450,480x600,540x675,640x800,720x900,1080x1350,1280x1600,1440x1800&from=bu&cs=1080x0'}, {'height': 1600, 'type': 'z', 'width': 1280, 'url': 'https://sun9-72.userapi.com/s/v1/ig2/tVAh7zflyI3ahZMXM4IsipPF2fXcIXMIKGom4ndrjA5CZ7YVSDXA1DVXOU1TGECw5u5N6f-WvxMmRceW3fmJ2ocd.jpg?quality=95&as=32x40,48x60,72x90,108x135,160x200,240x300,360x450,480x600,540x675,640x800,720x900,1080x1350,1280x1600,1440x1800&from=bu&cs=1280x0'}, {'height': 1800, 'type': 'w', 'width': 1440, 'url': 'https://sun9-72.userapi.com/s/v1/ig2/tVAh7zflyI3ahZMXM4IsipPF2fXcIXMIKGom4ndrjA5CZ7YVSDXA1DVXOU1TGECw5u5N6f-WvxMmRceW3fmJ2ocd.jpg?quality=95&as=32x40,48x60,72x90,108x135,160x200,240x300,360x450,480x600,540x675,640x800,720x900,1080x1350,1280x1600,1440x1800&from=bu&cs=1440x0'}, {'height': 135, 'type': 'o', 'width': 108, 'url': 'https://sun9-72.userapi.com/s/v1/ig2/tVAh7zflyI3ahZMXM4IsipPF2fXcIXMIKGom4ndrjA5CZ7YVSDXA1DVXOU1TGECw5u5N6f-WvxMmRceW3fmJ2ocd.jpg?quality=95&as=32x40,48x60,72x90,108x135,160x200,240x300,360x450,480x600,540x675,640x800,720x900,1080x1350,1280x1600,1440x1800&from=bu&cs=108x0'}, {'height': 300, 'type': 'p', 'width': 240, 'url': 'https://sun9-72.userapi.com/s/v1/ig2/tVAh7zflyI3ahZMXM4IsipPF2fXcIXMIKGom4ndrjA5CZ7YVSDXA1DVXOU1TGECw5u5N6f-WvxMmRceW3fmJ2ocd.jpg?quality=95&as=32x40,48x60,72x90,108x135,160x200,240x300,360x450,480x600,540x675,640x800,720x900,1080x1350,1280x1600,1440x1800&from=bu&cs=240x0'}, {'height': 450, 'type': 'q', 'width': 360, 'url': 'https://sun9-72.userapi.com/s/v1/ig2/tVAh7zflyI3ahZMXM4IsipPF2fXcIXMIKGom4ndrjA5CZ7YVSDXA1DVXOU1TGECw5u5N6f-WvxMmRceW3fmJ2ocd.jpg?quality=95&as=32x40,48x60,72x90,108x135,160x200,240x300,360x450,480x600,540x675,640x800,720x900,1080x1350,1280x1600,1440x1800&from=bu&cs=360x0'}, {'height': 675, 'type': 'r', 'width': 540, 'url': 'https://sun9-72.userapi.com/s/v1/ig2/tVAh7zflyI3ahZMXM4IsipPF2fXcIXMIKGom4ndrjA5CZ7YVSDXA1DVXOU1TGECw5u5N6f-WvxMmRceW3fmJ2ocd.jpg?quality=95&as=32x40,48x60,72x90,108x135,160x200,240x300,360x450,480x600,540x675,640x800,720x900,1080x1350,1280x1600,1440x1800&from=bu&cs=540x0'}, {'height': 1800, 'type': 'base', 'width': 1440, 'url': 'https://sun9-72.userapi.com/s/v1/ig2/tVAh7zflyI3ahZMXM4IsipPF2fXcIXMIKGom4ndrjA5CZ7YVSDXA1DVXOU1TGECw5u5N6f-WvxMmRceW3fmJ2ocd.jpg?quality=95&as=32x40,48x60,72x90,108x135,160x200,240x300,360x450,480x600,540x675,640x800,720x900,1080x1350,1280x1600,1440x1800&from=bu'}], 'text': '', 'user_id': 100, 'web_view_token': '02d6a5c8db584a1670', 'has_tags': False, 'orig_photo': {'height': 1800, 'type': 'base', 'url': 'https://sun9-72.userapi.com/s/v1/ig2/tVAh7zflyI3ahZMXM4IsipPF2fXcIXMIKGom4ndrjA5CZ7YVSDXA1DVXOU1TGECw5u5N6f-WvxMmRceW3fmJ2ocd.jpg?quality=95&as=32x40,48x60,72x90,108x135,160x200,240x300,360x450,480x600,540x675,640x800,720x900,1080x1350,1280x1600,1440x1800&from=bu', 'width': 1440}}}]",,,"{'can_post': 1, 'count': 2, 'groups_can_post': True}",,,,1753348320,{'is_donut': False},,,-111536377,,24564,wall_wallpost,"{'can_like': 1, 'count': 47, 'user_likes': 0, 'can_publish': 1, 'repost_disabled': False}",0,,-111536377,"{'platform': 'android', 'type': 'api'}",post,"{'count': 0, 'user_reposted': 0}",,–≤–µ—Ä–æ–π –≤ —Å–µ—Ä–¥—Ü–µ –∏ —Ñ–ª–∞–≥–æ–º –≤ —Ä—É–∫–∞—Ö. –ë—Ä–∞—Ç –ø—Ä–∏—Å–ª–∞–ª —Å –ø–µ—Ä–µ–¥–æ–≤–æ–π.,post,{'count': 256},
"[{'type': 'photo', 'photo': {'album_id': -7, 'date': 1753309928, 'id': 457301236, 'owner_id': 445644646, 'access_key': '8286043ec7c8f968ff', 'post_id': 4994, 'sizes': [{'height': 90, 'type': 's', 'width': 72, 'url': 'https://sun9-27.userapi.com/s/v1/ig2/iEo3fs7zEeO3QZg8oUkCBs0kRUn5wbTUdK9LbFLgiKV4iIfGFWl8MaOc03tfRUFI9EifwzU4iv13O_ol0-Dko6gP.jpg?quality=95&as=32x40,48x60,72x90,108x135,160x200,240x300,360x450,480x600,540x675,640x800,720x900,1080x1350,1280x1600,1440x1800&from=bu&cs=72x0'}, {'height': 200, 'type': 'm', 'width': 160, 'url': 'https://sun9-27.userapi.com/s/v1/ig2/iEo3fs7zEeO3QZg8oUkCBs0kRUn5wbTUdK9LbFLgiKV4iIfGFWl8MaOc03tfRUFI9EifwzU4iv13O_ol0-Dko6gP.jpg?quality=95&as=32x40,48x60,72x90,108x135,160x200,240x300,360x450,480x600,540x675,640x800,720x900,1080x1350,1280x1600,1440x1800&from=bu&cs=160x0'}, {'height': 800, 'type': 'x', 'width': 640, 'url': 'https://sun9-27.userapi.com/s/v1/ig2/iEo3fs7zEeO3QZg8oUkCBs0kRUn5wbTUdK9LbFLgiKV4iIfGFWl8MaOc03tfRUFI9EifwzU4iv13O_ol0-Dko6gP.jpg?quality=95&as=32x40,48x60,72x90,108x135,160x200,240x300,360x450,480x600,540x675,640x800,720x900,1080x1350,1280x1600,1440x1800&from=bu&cs=640x0'}, {'height': 1350, 'type': 'y', 'width': 1080, 'url': 'https://sun9-27.userapi.com/s/v1/ig2/iEo3fs7zEeO3QZg8oUkCBs0kRUn5wbTUdK9LbFLgiKV4iIfGFWl8MaOc03tfRUFI9EifwzU4iv13O_ol0-Dko6gP.jpg?quality=95&as=32x40,48x60,72x90,108x135,160x200,240x300,360x450,480x600,540x675,640x800,720x900,1080x1350,1280x1600,1440x1800&from=bu&cs=1080x0'}, {'height': 1600, 'type': 'z', 'width': 1280, 'url': 'https://sun9-27.userapi.com/s/v1/ig2/iEo3fs7zEeO3QZg8oUkCBs0kRUn5wbTUdK9LbFLgiKV4iIfGFWl8MaOc03tfRUFI9EifwzU4iv13O_ol0-Dko6gP.jpg?quality=95&as=32x40,48x60,72x90,108x135,160x200,240x300,360x450,480x600,540x675,640x800,720x900,1080x1350,1280x1600,1440x1800&from=bu&cs=1280x0'}, {'height': 1800, 'type': 'w', 'width': 1440, 'url': 'https://sun9-27.userapi.com/s/v1/ig2/iEo3fs7zEeO3QZg8oUkCBs0kRUn5wbTUdK9LbFLgiKV4iIfGFWl8MaOc03tfRUFI9EifwzU4iv13O_ol0-Dko6gP.jpg?quality=95&as=32x40,48x60,72x90,108x135,160x200,240x300,360x450,480x600,540x675,640x800,720x900,1080x1350,1280x1600,1440x1800&from=bu&cs=1440x0'}, {'height': 135, 'type': 'o', 'width': 108, 'url': 'https://sun9-27.userapi.com/s/v1/ig2/iEo3fs7zEeO3QZg8oUkCBs0kRUn5wbTUdK9LbFLgiKV4iIfGFWl8MaOc03tfRUFI9EifwzU4iv13O_ol0-Dko6gP.jpg?quality=95&as=32x40,48x60,72x90,108x135,160x200,240x300,360x450,480x600,540x675,640x800,720x900,1080x1350,1280x1600,1440x1800&from=bu&cs=108x0'}, {'height': 300, 'type': 'p', 'width': 240, 'url': 'https://sun9-27.userapi.com/s/v1/ig2/iEo3fs7zEeO3QZg8oUkCBs0kRUn5wbTUdK9LbFLgiKV4iIfGFWl8MaOc03tfRUFI9EifwzU4iv13O_ol0-Dko6gP.jpg?quality=95&as=32x40,48x60,72x90,108x135,160x200,240x300,360x450,480x600,540x675,640x800,720x900,1080x1350,1280x1600,1440x1800&from=bu&cs=240x0'}, {'height': 450, 'type': 'q', 'width': 360, 'url': 'https://sun9-27.userapi.com/s/v1/ig2/iEo3fs7zEeO3QZg8oUkCBs0kRUn5wbTUdK9LbFLgiKV4iIfGFWl8MaOc03tfRUFI9EifwzU4iv13O_ol0-Dko6gP.jpg?quality=95&as=32x40,48x60,72x90,108x135,160x200,240x300,360x450,480x600,540x675,640x800,720x900,1080x1350,1280x1600,1440x1800&from=bu&cs=360x0'}, {'height': 675, 'type': 'r', 'width': 540, 'url': 'https://sun9-27.userapi.com/s/v1/ig2/iEo3fs7zEeO3QZg8oUkCBs0kRUn5wbTUdK9LbFLgiKV4iIfGFWl8MaOc03tfRUFI9EifwzU4iv13O_ol0-Dko6gP.jpg?quality=95&as=32x40,48x60,72x90,108x135,160x200,240x300,360x450,480x600,540x675,640x800,720x900,1080x1350,1280x1600,1440x1800&from=bu&cs=540x0'}, {'height': 1800, 'type': 'base', 'width': 1440, 'url': 'https://sun9-27.userapi.com/s/v1/ig2/iEo3fs7zEeO3QZg8oUkCBs0kRUn5wbTUdK9LbFLgiKV4iIfGFWl8MaOc03tfRUFI9EifwzU4iv13O_ol0-Dko6gP.jpg?quality=95&as=32x40,48x60,72x90,108x135,160x200,240x300,360x450,480x600,540x675,640x800,720x900,1080x1350,1280x1600,1440x1800&from=bu'}], 'text': '', 'web_view_token': '01ce12a3e51f6a9330', 'has_tags': False, 'orig_photo': {'height': 1800, 'type': 'base', 'url': 'https://sun9-27.userapi.com/s/v1/ig2/iEo3fs7zEeO3QZg8oUkCBs0kRUn5wbTUdK9LbFLgiKV4iIfGFWl8MaOc03tfRUFI9EifwzU4iv13O_ol0-Dko6gP.jpg?quality=95&as=32x40,48x60,72x90,108x135,160x200,240x300,360x450,480x600,540x675,640x800,720x900,1080x1350,1280x1600,1440x1800&from=bu', 'width': 1440}}}]",,,"{'can_post': 0, 'count': 0, 'groups_can_post': True}",,,,1753309933,{'is_donut': False},,,445644646,"{'coordinates': '51.530032454028 46.034696646194', 'place': {'discriminator': 'place', 'created': 1695755585, 'id': 203671274, 'is_deleted': False, 'latitude': 51.530018, 'longitude': 46.034683, 'title': 'Saratov', 'total_checkins': 67887, 'updated': 1695755585, 'category': 49, 'category_object': {'id': 49, 'title': 'City', 'icons': [{'url': 'place.png', 'width': 0, 'height': 0}]}}, 'type': 'place'}",4994,wall_wallpost,"{'can_like': 1, 'count': 33, 'user_likes': 0, 'can_publish': 1, 'repost_disabled': False}",0,,445644646,"{'platform': 'android', 'type': 'api'}",post,"{'count': 0, 'user_reposted': 0}",,"–° –≤–µ—Ä–æ–π –≤ —Å–µ—Ä–¥—Ü–µ –∏ —Ñ–ª–∞–≥–æ–º –≤ —Ä—É–∫–∞—Öüá∑üá∫ü´°

–û—Ç –Ω–∞—à–µ–≥–æ –ø–æ–¥–ø–∏—Å—á–∏–∫–∞: ""–ë—Ä–∞—Ç –ø—Ä–∏—Å–ª–∞–ª —Å –ø–µ—Ä–µ–¥–æ–≤–æ–π""",post,{'count': 329},
"[{'type': 'photo', 'photo': {'album_id': -7, 'date': 1753338458, 'id': 457267107, 'owner_id': -217445894, 'access_key': '6333786427d5d9f563', 'post_id': 174466, 'sizes': [{'height': 108, 'type': 's', 'width': 72, 'url': 'https://sun9-47.userapi.com/s/v1/ig2/iMRsiZbF_O7ckLi8QB5ls3IXDYvL7ZV785BJKA3mA0_6I4bnjArFsz9-EhIkplxcaJ35MxZ0k0VF601CRCgM6pfx.jpg?quality=95&as=32x48,48x72,72x108,108x162,160x240,240x360,360x540,480x720,540x810,640x960,720x1080,853x1280&from=bu&cs=72x0'}, {'height': 240, 'type': 'm', 'width': 160, 'url': 'https://sun9-47.userapi.com/s/v1/ig2/iMRsiZbF_O7ckLi8QB5ls3IXDYvL7ZV785BJKA3mA0_6I4bnjArFsz9-EhIkplxcaJ35MxZ0k0VF601CRCgM6pfx.jpg?quality=95&as=32x48,48x72,72x108,108x162,160x240,240x360,360x540,480x720,540x810,640x960,720x1080,853x1280&from=bu&cs=160x0'}, {'height': 960, 'type': 'x', 'width': 640, 'url': 'https://sun9-47.userapi.com/s/v1/ig2/iMRsiZbF_O7ckLi8QB5ls3IXDYvL7ZV785BJKA3mA0_6I4bnjArFsz9-EhIkplxcaJ35MxZ0k0VF601CRCgM6pfx.jpg?quality=95&as=32x48,48x72,72x108,108x162,160x240,240x360,360x540,480x720,540x810,640x960,720x1080,853x1280&from=bu&cs=640x0'}, {'height': 1280, 'type': 'y', 'width': 853, 'url': 'https://sun9-47.userapi.com/s/v1/ig2/iMRsiZbF_O7ckLi8QB5ls3IXDYvL7ZV785BJKA3mA0_6I4bnjArFsz9-EhIkplxcaJ35MxZ0k0VF601CRCgM6pfx.jpg?quality=95&as=32x48,48x72,72x108,108x162,160x240,240x360,360x540,480x720,540x810,640x960,720x1080,853x1280&from=bu&cs=853x0'}, {'height': 162, 'type': 'o', 'width': 108, 'url': 'https://sun9-47.userapi.com/s/v1/ig2/iMRsiZbF_O7ckLi8QB5ls3IXDYvL7ZV785BJKA3mA0_6I4bnjArFsz9-EhIkplxcaJ35MxZ0k0VF601CRCgM6pfx.jpg?quality=95&as=32x48,48x72,72x108,108x162,160x240,240x360,360x540,480x720,540x810,640x960,720x1080,853x1280&from=bu&cs=108x0'}, {'height': 360, 'type': 'p', 'width': 240, 'url': 'https://sun9-47.userapi.com/s/v1/ig2/iMRsiZbF_O7ckLi8QB5ls3IXDYvL7ZV785BJKA3mA0_6I4bnjArFsz9-EhIkplxcaJ35MxZ0k0VF601CRCgM6pfx.jpg?quality=95&as=32x48,48x72,72x108,108x162,160x240,240x360,360x540,480x720,540x810,640x960,720x1080,853x1280&from=bu&cs=240x0'}, {'height': 540, 'type': 'q', 'width': 360, 'url': 'https://sun9-47.userapi.com/s/v1/ig2/iMRsiZbF_O7ckLi8QB5ls3IXDYvL7ZV785BJKA3mA0_6I4bnjArFsz9-EhIkplxcaJ35MxZ0k0VF601CRCgM6pfx.jpg?quality=95&as=32x48,48x72,72x108,108x162,160x240,240x360,360x540,480x720,540x810,640x960,720x1080,853x1280&from=bu&cs=360x0'}, {'height': 810, 'type': 'r', 'width': 540, 'url': 'https://sun9-47.userapi.com/s/v1/ig2/iMRsiZbF_O7ckLi8QB5ls3IXDYvL7ZV785BJKA3mA0_6I4bnjArFsz9-EhIkplxcaJ35MxZ0k0VF601CRCgM6pfx.jpg?quality=95&as=32x48,48x72,72x108,108x162,160x240,240x360,360x540,480x720,540x810,640x960,720x1080,853x1280&from=bu&cs=540x0'}, {'height': 1280, 'type': 'base', 'width': 853, 'url': 'https://sun9-47.userapi.com/s/v1/ig2/iMRsiZbF_O7ckLi8QB5ls3IXDYvL7ZV785BJKA3mA0_6I4bnjArFsz9-EhIkplxcaJ35MxZ0k0VF601CRCgM6pfx.jpg?quality=95&as=32x48,48x72,72x108,108x162,160x240,240x360,360x540,480x720,540x810,640x960,720x1080,853x1280&from=bu'}], 'text': '', 'user_id': 100, 'web_view_token': '09795005196e4a56ee', 'has_tags': False, 'orig_photo': {'height': 1280, 'type': 'base', 'url': 'https://sun9-47.userapi.com/s/v1/ig2/iMRsiZbF_O7ckLi8QB5ls3IXDYvL7ZV785BJKA3mA0_6I4bnjArFsz9-EhIkplxcaJ35MxZ0k0VF601CRCgM6pfx.jpg?quality=95&as=32x48,48x72,72x108,108x162,160x240,240x360,360x540,480x720,540x810,640x960,720x1080,853x1280&from=bu', 'width': 853}}}]",,,"{'can_post': 1, 'count': 3, 'groups_can_post': True}",,,,1753354800,{'is_donut': False},https://vk.com/app51528700#/?owner_id=-217445894&type=donut_badges&params=%257B%2522item_id%2522%253A%2522174466%2522%257D&comment=1,,-217445894,,174466,wall_wallpost,"{'can_like': 1, 'count': 98, 'user_likes': 0, 'can_publish': 1, 'repost_disabled': False}",0,,-217445894,"{'platform': 'android', 'type': 'api'}",post,"{'count': 0, 'user_reposted': 0}",,"¬´–õ–∏—Ü–∞ –°–í–ûüá∑üá∫¬ª

–ë–æ–µ—Ü –í–° —Å –ø–æ–∑—ã–≤–Ω—ã–º ¬´–ö–ª–µ—â¬ª",post,{'count': 860},
"[{'type': 'photo', 'photo': {'album_id': -7, 'date': 1753370488, 'id': 457247227, 'owner_id': -221068073, 'access_key': 'e50523ea4a3239e026', 'post_id': 52294, 'sizes': [{'height': 95, 'type': 's', 'width': 72, 'url': 'https://sun9-38.userapi.com/s/v1/ig2/nMOBqn872_kPPqbir1JPqg2tQK_t7jhB4r9rZ4f2WmyzUG1PWjxHqYphLNCHn-HZdc3KgKgZED3f9uIUojLRXRfg.jpg?quality=95&as=32x42,48x63,72x95,108x143,160x212,240x317,360x476,480x635,540x714,640x846,720x952,735x972&from=bu&cs=72x0'}, {'height': 212, 'type': 'm', 'width': 160, 'url': 'https://sun9-38.userapi.com/s/v1/ig2/nMOBqn872_kPPqbir1JPqg2tQK_t7jhB4r9rZ4f2WmyzUG1PWjxHqYphLNCHn-HZdc3KgKgZED3f9uIUojLRXRfg.jpg?quality=95&as=32x42,48x63,72x95,108x143,160x212,240x317,360x476,480x635,540x714,640x846,720x952,735x972&from=bu&cs=160x0'}, {'height': 846, 'type': 'x', 'width': 640, 'url': 'https://sun9-38.userapi.com/s/v1/ig2/nMOBqn872_kPPqbir1JPqg2tQK_t7jhB4r9rZ4f2WmyzUG1PWjxHqYphLNCHn-HZdc3KgKgZED3f9uIUojLRXRfg.jpg?quality=95&as=32x42,48x63,72x95,108x143,160x212,240x317,360x476,480x635,540x714,640x846,720x952,735x972&from=bu&cs=640x0'}, {'height': 972, 'type': 'y', 'width': 735, 'url': 'https://sun9-38.userapi.com/s/v1/ig2/nMOBqn872_kPPqbir1JPqg2tQK_t7jhB4r9rZ4f2WmyzUG1PWjxHqYphLNCHn-HZdc3KgKgZED3f9uIUojLRXRfg.jpg?quality=95&as=32x42,48x63,72x95,108x143,160x212,240x317,360x476,480x635,540x714,640x846,720x952,735x972&from=bu&cs=735x0'}, {'height': 143, 'type': 'o', 'width': 108, 'url': 'https://sun9-38.userapi.com/s/v1/ig2/nMOBqn872_kPPqbir1JPqg2tQK_t7jhB4r9rZ4f2WmyzUG1PWjxHqYphLNCHn-HZdc3KgKgZED3f9uIUojLRXRfg.jpg?quality=95&as=32x42,48x63,72x95,108x143,160x212,240x317,360x476,480x635,540x714,640x846,720x952,735x972&from=bu&cs=108x0'}, {'height': 317, 'type': 'p', 'width': 240, 'url': 'https://sun9-38.userapi.com/s/v1/ig2/nMOBqn872_kPPqbir1JPqg2tQK_t7jhB4r9rZ4f2WmyzUG1PWjxHqYphLNCHn-HZdc3KgKgZED3f9uIUojLRXRfg.jpg?quality=95&as=32x42,48x63,72x95,108x143,160x212,240x317,360x476,480x635,540x714,640x846,720x952,735x972&from=bu&cs=240x0'}, {'height': 476, 'type': 'q', 'width': 360, 'url': 'https://sun9-38.userapi.com/s/v1/ig2/nMOBqn872_kPPqbir1JPqg2tQK_t7jhB4r9rZ4f2WmyzUG1PWjxHqYphLNCHn-HZdc3KgKgZED3f9uIUojLRXRfg.jpg?quality=95&as=32x42,48x63,72x95,108x143,160x212,240x317,360x476,480x635,540x714,640x846,720x952,735x972&from=bu&cs=360x0'}, {'height': 714, 'type': 'r', 'width': 540, 'url': 'https://sun9-38.userapi.com/s/v1/ig2/nMOBqn872_kPPqbir1JPqg2tQK_t7jhB4r9rZ4f2WmyzUG1PWjxHqYphLNCHn-HZdc3KgKgZED3f9uIUojLRXRfg.jpg?quality=95&as=32x42,48x63,72x95,108x143,160x212,240x317,360x476,480x635,540x714,640x846,720x952,735x972&from=bu&cs=540x0'}, {'height': 972, 'type': 'base', 'width': 735, 'url': 'https://sun9-38.userapi.com/s/v1/ig2/nMOBqn872_kPPqbir1JPqg2tQK_t7jhB4r9rZ4f2WmyzUG1PWjxHqYphLNCHn-HZdc3KgKgZED3f9uIUojLRXRfg.jpg?quality=95&as=32x42,48x63,72x95,108x143,160x212,240x317,360x476,480x635,540x714,640x846,720x952,735x972&from=bu'}], 'text': '', 'user_id': 100, 'web_view_token': '27c2320c96de786dfa', 'has_tags': False, 'orig_photo': {'height': 972, 'type': 'base', 'url': 'https://sun9-38.userapi.com/s/v1/ig2/nMOBqn872_kPPqbir1JPqg2tQK_t7jhB4r9rZ4f2WmyzUG1PWjxHqYphLNCHn-HZdc3KgKgZED3f9uIUojLRXRfg.jpg?quality=95&as=32x42,48x63,72x95,108x143,160x212,240x317,360x476,480x635,540x714,640x846,720x952,735x972&from=bu', 'width': 735}}}]",,,"{'can_post': 1, 'count': 0, 'groups_can_post': True}",,,,1753390500,{'is_donut': False},https://vk.com/app51528700#/?owner_id=-221068073&type=donut_badges&params=%257B%2522item_id%2522%253A%252252294%2522%257D&comment=1,,-221068073,,52294,wall_wallpost,"{'can_like': 1, 'count': 55, 'user_likes': 0, 'can_publish': 1, 'repost_disabled': False}",0,,-221068073,"{'platform': 'android', 'type': 'api'}",post,"{'count': 0, 'user_reposted': 0}",396447889,–ù–∞—à–∞ –ø—É—à–∏—Å—Ç–∞—è –ø–æ–¥–¥–µ—Ä–∂–∫–∞ –≤—Å–µ–≥–¥–∞ —Ä—è–¥–æ–º.,post,{'count': 447},
"[{'type': 'photo', 'photo': {'album_id': -7, 'date': 1753337718, 'id': 457283952, 'owner_id': -69052778, 'access_key': 'd72ace59ef93959b94', 'post_id': 234552, 'sizes': [{'height': 95, 'type': 's', 'width': 72, 'url': 'https://sun9-77.userapi.com/s/v1/ig2/x08JjRLcE43NM3HwHFDJ9nHIwnQ1mtrb0YRpN8maWzrqhIIhf_azUGvr4WKvuCVK99fJrEUWf4hu8FrK5CpyFqN2.jpg?quality=95&as=32x42,48x63,72x95,108x143,160x212,240x317,360x476,480x635,540x714,640x846,720x952,735x972&from=bu&cs=72x0'}, {'height': 212, 'type': 'm', 'width': 160, 'url': 'https://sun9-77.userapi.com/s/v1/ig2/x08JjRLcE43NM3HwHFDJ9nHIwnQ1mtrb0YRpN8maWzrqhIIhf_azUGvr4WKvuCVK99fJrEUWf4hu8FrK5CpyFqN2.jpg?quality=95&as=32x42,48x63,72x95,108x143,160x212,240x317,360x476,480x635,540x714,640x846,720x952,735x972&from=bu&cs=160x0'}, {'height': 846, 'type': 'x', 'width': 640, 'url': 'https://sun9-77.userapi.com/s/v1/ig2/x08JjRLcE43NM3HwHFDJ9nHIwnQ1mtrb0YRpN8maWzrqhIIhf_azUGvr4WKvuCVK99fJrEUWf4hu8FrK5CpyFqN2.jpg?quality=95&as=32x42,48x63,72x95,108x143,160x212,240x317,360x476,480x635,540x714,640x846,720x952,735x972&from=bu&cs=640x0'}, {'height': 972, 'type': 'y', 'width': 735, 'url': 'https://sun9-77.userapi.com/s/v1/ig2/x08JjRLcE43NM3HwHFDJ9nHIwnQ1mtrb0YRpN8maWzrqhIIhf_azUGvr4WKvuCVK99fJrEUWf4hu8FrK5CpyFqN2.jpg?quality=95&as=32x42,48x63,72x95,108x143,160x212,240x317,360x476,480x635,540x714,640x846,720x952,735x972&from=bu&cs=735x0'}, {'height': 143, 'type': 'o', 'width': 108, 'url': 'https://sun9-77.userapi.com/s/v1/ig2/x08JjRLcE43NM3HwHFDJ9nHIwnQ1mtrb0YRpN8maWzrqhIIhf_azUGvr4WKvuCVK99fJrEUWf4hu8FrK5CpyFqN2.jpg?quality=95&as=32x42,48x63,72x95,108x143,160x212,240x317,360x476,480x635,540x714,640x846,720x952,735x972&from=bu&cs=108x0'}, {'height': 317, 'type': 'p', 'width': 240, 'url': 'https://sun9-77.userapi.com/s/v1/ig2/x08JjRLcE43NM3HwHFDJ9nHIwnQ1mtrb0YRpN8maWzrqhIIhf_azUGvr4WKvuCVK99fJrEUWf4hu8FrK5CpyFqN2.jpg?quality=95&as=32x42,48x63,72x95,108x143,160x212,240x317,360x476,480x635,540x714,640x846,720x952,735x972&from=bu&cs=240x0'}, {'height': 476, 'type': 'q', 'width': 360, 'url': 'https://sun9-77.userapi.com/s/v1/ig2/x08JjRLcE43NM3HwHFDJ9nHIwnQ1mtrb0YRpN8maWzrqhIIhf_azUGvr4WKvuCVK99fJrEUWf4hu8FrK5CpyFqN2.jpg?quality=95&as=32x42,48x63,72x95,108x143,160x212,240x317,360x476,480x635,540x714,640x846,720x952,735x972&from=bu&cs=360x0'}, {'height': 714, 'type': 'r', 'width': 540, 'url': 'https://sun9-77.userapi.com/s/v1/ig2/x08JjRLcE43NM3HwHFDJ9nHIwnQ1mtrb0YRpN8maWzrqhIIhf_azUGvr4WKvuCVK99fJrEUWf4hu8FrK5CpyFqN2.jpg?quality=95&as=32x42,48x63,72x95,108x143,160x212,240x317,360x476,480x635,540x714,640x846,720x952,735x972&from=bu&cs=540x0'}, {'height': 972, 'type': 'base', 'width': 735, 'url': 'https://sun9-77.userapi.com/s/v1/ig2/x08JjRLcE43NM3HwHFDJ9nHIwnQ1mtrb0YRpN8maWzrqhIIhf_azUGvr4WKvuCVK99fJrEUWf4hu8FrK5CpyFqN2.jpg?quality=95&as=32x42,48x63,72x95,108x143,160x212,240x317,360x476,480x635,540x714,640x846,720x952,735x972&from=bu'}], 'text': '', 'user_id': 100, 'web_view_token': 'bd674a46090c1b3d40', 'has_tags': False, 'orig_photo': {'height': 972, 'type': 'base', 'url': 'https://sun9-77.userapi.com/s/v1/ig2/x08JjRLcE43NM3HwHFDJ9nHIwnQ1mtrb0YRpN8maWzrqhIIhf_azUGvr4WKvuCVK99fJrEUWf4hu8FrK5CpyFqN2.jpg?quality=95&as=32x42,48x63,72x95,108x143,160x212,240x317,360x476,480x635,540x714,640x846,720x952,735x972&from=bu', 'width': 735}}}]",,,"{'can_post': 1, 'count': 1, 'groups_can_post': True}",,,,1753369200,{'is_donut': False},,,-69052778,,234568,wall_wallpost,"{'can_like': 1, 'count': 80, 'user_likes': 0, 'can_publish': 1, 'repost_disabled': False}",0,,-69052778,{'type': 'api'},post,"{'count': 2, 'user_reposted': 0}",,"‚ùóÔ∏è–ù–∞—à–∏ –±–æ–π—Ü—ã –æ—Ö—Ä–∞–Ω—è—é—Ç –Ω–∞—à—É –ë–µ–ª–≥–æ—Ä–æ–¥—Å–∫—É—é –≥—Ä–∞–Ω–∏—Ü—É —Å –ø—É—à–∏—Å—Ç–æ–π –ø–æ–¥–¥–µ—Ä–∂–∫–æ–π, –≤—Å–µ–≥–¥–∞ —Ä—è–¥–æ–º. 
 
üôè ‚Äî –î–∞–π –ë–æ–≥ –≤–∞–º –∑–¥–æ—Ä–æ–≤—å—è –∏ —Å–∏–ª!

ü§ç [https://vk.com/wall-69052778_111823|–¢–ì –∫–∞–Ω–∞–ª ¬´–®—ë–ø–æ—Ç –ë–µ–ª–≥–æ—Ä–æ–¥¬ª] ü§ç 
 
üíô [https://vk.com/shepot_belgorod1231|–ü—Ä–∏—Å–ª–∞—Ç—å –Ω–æ–≤–æ—Å—Ç—å] [https://vk.com/shepot_belgorod1231|/] [https://vk.com/shepot_belgorod1231|–ü–∏—Å–∞—Ç—å –ø–æ —Ä–µ–∫–ª–∞–º–µ]",post,{'count': 3452},
[],,,"{'can_post': 1, 'count': 21, 'groups_can_post': True}",,,,1753358400,{'is_donut': False},https://vk.com/app51528700#/?owner_id=-195417957&type=donut_badges&params=%257B%2522item_id%2522%253A%252273853%2522%257D&comment=1,,-195417957,,73853,wall_wallpost,"{'can_like': 1, 'count': 422, 'user_likes': 0, 'can_publish': 1, 'repost_disabled': False}",0,,-195417957,{'type': 'api'},post,"{'count': 19, 'user_reposted': 0}",,"–° –Ω–∞–¥–µ–∂–¥–æ–π –∏ –ª—é–±–æ–≤—å—é 

–û—Ç—Ü–∞ –í–µ—Ä–∫–∞ –Ω–µ –ø–æ–º–Ω–∏–ª–∞. –ï–π –∏ –±—ã–ª–æ –¥–≤–∞ –≥–æ–¥–∞ –∫–æ–≥–¥–∞, –ø—Ä–æ—Å—Ç—É–¥–∏–≤—à–∏—Å—å —Ä–∞–Ω–Ω–µ–π –≤–µ—Å–Ω–æ–π, –æ–Ω –∑–∞–Ω–µ–º–æ–≥, –ø–æ–º–∞—è–ª—Å—è —Å –Ω–µ–¥–µ–ª—é –≤ –ø–æ—Å–µ–ª–∫–æ–≤–æ–π –±–æ–ª—å–Ω–∏—á–∫–µ, –±–µ—Å–ø—Ä–µ—Ä—ã–≤–Ω–æ —Å –Ω–∞–¥—Ä—ã–≤–æ–º –∫–∞—à–ª—è—è, –¥–∞ –∏ –ø–æ–º–µ—Ä –≤ –ø—Ä–µ–¥—Ä–∞—Å—Å–≤–µ—Ç–Ω—ã–π —á–∞—Å, –æ—Å—Ç–∞–≤–∏–≤ —Å–µ–º—å–µ –Ω–∞ –ø–∞–º—è—Ç—å –ø—Ä–æ–∂–∂—ë–Ω–Ω—É—é —Å–æ–ª–¥–∞—Ç—Å–∫—É—é —à–∏–Ω–µ–ª—å, –º–µ–¥–∞–ª—å ¬´–ó–∞ –æ—Ç–≤–∞–≥—É¬ª –∏ –æ—Ä–¥–µ–Ω ¬´–ö—Ä–∞—Å–Ω–æ–π –∑–≤–µ–∑–¥—ã¬ª. 
- –û—Å–∫–æ–ª–æ–∫ —Å—Ç—Ä–æ–Ω—É–ª—Å—è, - –≤–∏–Ω–æ–≤–∞—Ç–æ —Ä–∞–∑–≤—ë–ª —Ä—É–∫–∞–º–∏ –µ–¥–∏–Ω—Å—Ç–≤–µ–Ω–Ω—ã–π –Ω–∞ –≤–µ—Å—å —Ä–∞–±–æ—á–∏–π –ø–æ—Å—ë–ª–æ–∫ –¥–æ–∫—Ç–æ—Ä. 
 –ú–∞—Ç—å –í–µ—Ä–∫–∏–Ω–∞ —Ä–∞–±–æ—Ç–∞–ª–∞ –≤ –ª–µ—Å–ø—Ä–æ–º—Ö–æ–∑–µ —Å—É—á–∫–æ—Ä—É–±–æ–º - –º–∞—Ö–∞–ª–∞ –∏ –∑–∏–º–æ–π, –∏ –ª–µ—Ç–æ–º —Ç—è–∂—ë–ª—ã–º —Ç–æ–ø–æ—Ä–æ–º. –†–∞–Ω–æ —Å–æ—Å—Ç–∞—Ä–∏–ª–∞—Å—å, —Å—Å—É—Ç—É–ª–∏–ª–∞—Å—å, –ø–æ—Ç—É—Ö–ª–∞ –≥–ª–∞–∑–∞–º–∏, –∑–∞–≤—è–ª–∞ –¥—É—à–æ–π. –î—Ä—É–≥–æ–π —Ä–∞–±–æ—Ç—ã - –ø–æ–ª–µ–≥—á–µ, —á—Ç–æ–± –≤ —Ç–µ–ø–ª–µ –∏ —Å—ã—Ç–æ—Å—Ç–∏, –æ–Ω–∞ —Å–µ–±–µ –Ω–µ –ø—Ä–µ–¥—Å—Ç–∞–≤–ª—è–ª–∞, –¥–∞–≤–Ω–æ –∏ –ø—Ä–æ—á–Ω–æ –ø—Ä–∏–≤—ã–∫–Ω—É–≤ –∫ —Ç—Ä—É–¥—É —Ç—è–∂–∫–æ–º—É, –ø–æ—Ä–æ–π –Ω–∞–¥—Ä—ã–≤–Ω–æ–º—É, –Ω–µ –∫–∞–∂–¥–æ–º—É –º—É–∂–∏–∫—É –ø–æ—Å–∏–ª—å–Ω–æ–º—É. –î–∞ –∏ –≥—Ä–∞–º–æ—Ç—ë—à–∫–∞ ‚Äì –≤—Å–µ–≥–æ –ø—è—Ç—å –∫–ª–∞—Å—Å–æ–≤ –ø–æ—Å–µ–ª–∫–æ–≤–æ–π —à–∫–æ–ª—ã. –ö—É–¥–∞ —Å –Ω–∏–º–∏? –¢–æ–ª—å–∫–æ —Ç–æ–ø–æ—Ä–æ–º –∏ –º–∞—Ö–∞—Ç—å. 
- –£—á–∏—Å—å, –í–µ—Ä–∫–∞! ‚Äì —á–∞—Å—Ç–æ –≥–æ–≤–æ—Ä–∏–ª–∞ –æ–Ω–∞, - –≤—ã–π–¥–µ—à—å –≤ –ø–æ—Ä—Ç–Ω–∏—Ö–∏, –∞–ª–∏ —Ñ–µ—Ä—à–∞–ª–æ–º, –≤ —Ç–µ–ø–ª–µ –¥–∞ –Ω–∞ –ø–æ—á—ë—Ç–µ –±—É–¥–µ—à—å! 

 –ü–æ –≤–µ—á–µ—Ä–∞–º –æ–≥–ª–æ—Ö—à–∞—è –æ—Ç —É—Å—Ç–∞–ª–æ—Å—Ç–∏ –º–∞—Ç—å —Ä–∞–≤–Ω–æ–¥—É—à–Ω–æ –∫–æ–≤—ã—Ä—è–ª–∞ –∂–∞—Ä–µ–Ω—É—é –Ω–∞ –º–∞—Ä–≥–∞—Ä–∏–Ω–µ –∫–∞—Ä—Ç–æ—à–∫—É, –ø—Ä–∏—Ö–ª—ë–±—ã–≤–∞–ª–∞ –≥–æ—Ä—è—á–∏–π —á–∞–π, —Å–ª—É—à–∞—è —Å–∫–≤–æ–∑—å –¥—Ä—ë–º—É –í–µ—Ä–∫–∏–Ω—ã –Ω–µ—Ö–∏—Ç—Ä—ã–µ –Ω–æ–≤–æ—Å—Ç–∏. 
 –í–µ—Ä–∫–∞, –Ω–µ —Å–º–æ—Ç—Ä—è –Ω–∞ —Å–≤–æ–∏ –≤–æ—Å–µ–º—å –ª–µ—Ç, –¥–µ–≤–∏—Ü–∞ –≤–ø–æ–ª–Ω–µ —Å–∞–º–æ—Å—Ç–æ—è—Ç–µ–ª—å–Ω–∞—è, –∏ —Ö–æ–∑—è–π—Å—Ç–≤–æ, —Ö–æ—Ç—å –∏ –Ω–µ–±–æ–ª—å—à–æ–µ, –∞ –ø–æ–ª–Ω–æ—Å—Ç—å—é –Ω–∞ –Ω–µ–π ‚Äì –æ–Ω–∞ –∏ –ø–æ–ª—ã –ø–æ–¥–º–µ—Ç—ë—Ç –∏ –ø—ã–ª–∏ –≤ –¥–æ–º–µ –Ω–µ –¥–æ–ø—É—Å—Ç–∏—Ç, –∫–∞—Ä—Ç–æ—à–∫–∏ –Ω–∞—á–∏—Å—Ç–∏—Ç –∏ —Å–≤–∞—Ä–∏—Ç, –≤ –º–∞–≥–∞–∑–∏–Ω–µ –∑–∞ —Ö–ª–µ–±–æ–º –¥–∞ –º–æ–ª–æ–∫–æ–º –æ—á–µ—Ä–µ–¥—å –æ—Ç—Å—Ç–æ–∏—Ç. –ê —Å—Ç–æ—è—Ç—å –ø—Ä–∏—Ö–æ–¥–∏–ª–æ—Å—å –∏–Ω–æ–π —Ä–∞–∑ –ø–æ —á–∞—Å—É –∏ –±–æ–ª—å—à–µ. –¢—ë—Ç–µ–Ω—å–∫–∏ –≤ –æ—á–µ—Ä–µ–¥—è—Ö –≤–µ–ª–∏ –Ω–µ—Å–∫–æ–Ω—á–∞–µ–º—ã–µ –±–µ—Å–µ–¥—ã, –∂–∞–ª–æ–≤–∞–ª–∏—Å—å –¥—Ä—É–≥ –¥—Ä—É–≥—É –Ω–∞ –∑–¥–æ—Ä–æ–≤—å–µ, –Ω–µ–ø–æ—Å–ª—É—à–Ω—ã—Ö –¥–µ—Ç–µ–π –¥–∞ –Ω–∞ –ø—å—é—â–∏—Ö —Å–≤–æ–∏—Ö –∏ —á—É–∂–∏—Ö –º—É–∂–µ–π. 
 –í–µ—Ä–∫–∞ –≤ —Ä–∞–∑–≥–æ–≤–æ—Ä—ã –Ω–µ –≤—Å—Ç—É–ø–∞–ª–∞ ‚Äì –º–∞–ª–∞ –µ—â—ë. –°—Ç–æ—è–ª–∞ –≤ —Å—Ç–æ—Ä–æ–Ω–∫–µ, –ø–æ–º–∞—Ö–∏–≤–∞—è –ø—É—Å—Ç–æ–π –∞–≤–æ—Å—å–∫–æ–π –∏ —Å–∏–Ω–∏–º —ç–º–∞–ª–∏—Ä–æ–≤–∞–Ω–Ω—ã–º –±–∏–¥–æ–Ω–æ–º, –ø–æ–¥–∂–∏–¥–∞–ª–∞ –º–∞—à–∏–Ω—É —Å —Ö–ª–µ–±–æ–º –∏–ª–∏ —Ü–∏—Å—Ç–µ—Ä–Ω—É —Å –º–æ–ª–æ–∫–æ–º, –Ω–∞–±–ª—é–¥–∞–ª–∞ —Ç—ë–º–Ω—ã–º–∏ –≥–ª–∞–∑–∞–º–∏ –±—å—é—â—É—é –∑–≤–æ–Ω–∫–∏–º —Ñ–æ–Ω—Ç–∞–Ω–æ–º –∂–∏–∑–Ω—å –≤–æ–∑–ª–µ –ª–∞—Ä—å–∫–∞ —Å –≥—Ä–æ–º–∫–∏–º –Ω–∞–∑–≤–∞–Ω–∏–µ–º ¬´–ü–∏–≤–æ, –≤–æ–¥—ã¬ª. –ñ–µ–ª–∞—é—â–∏—Ö –æ—Ç–≤–µ–¥–∞—Ç—å –ø–∏–≤–∞ –∏–ª–∏ –∑–∞–≥–∞–¥–æ—á–Ω—ã—Ö –≤–æ–¥ –Ω–∞–±–∏—Ä–∞–ª–æ—Å—å –º–Ω–æ–≥–æ –∏ –∑–∏–º–æ–π, –∏ –ª–µ—Ç–æ–º. 

 –¢–æ–ª–ø–∞ –≤–æ–∑–ª–µ –ª–∞—Ä—å–∫–∞ –≤–µ—Å–µ–ª–æ –≥—É–¥–µ–ª–∞, –º—É–∂–∏–∫–∏ –ø–æ–¥—à—É—á–∏–≤–∞–ª–∏ –¥—Ä—É–≥ –Ω–∞–¥ –¥—Ä—É–≥–æ–º, —Ç—Ä–µ–ø–∞–ª–∏ –∑—É–±–∞–º–∏ —Å—É—Ö—É—é —Ä—ã–±—ë—à–∫—É, –∑–∞–ø–∏–≤–∞–ª–∏ –ø–∏–≤–æ–º. –ò–Ω–æ–≥–¥–∞, –æ–±—ã—á–Ω–æ –≤ –Ω–∞—á–∞–ª–µ –º–µ—Å—è—Ü–∞, –∫–æ–≥–¥–∞ –ø–æ—Å–µ–ª–∫–æ–≤–∞—è –ø–æ—á—Ç–∞–ª—å–æ–Ω—à–∞ —Ç–æ–ª—å–∫–æ-—Ç–æ–ª—å–∫–æ —Ä–∞–∑–Ω–µ—Å—ë—Ç –ø–µ–Ω—Å–∏—é, –æ–±—ä—è–≤–ª—è–ª—Å—è –≤–æ–∑–ª–µ –ª–∞—Ä—å–∫–∞ –≥–≤–∞—Ä–¥–∏–∏ —Å—Ç–∞—Ä—à–∏–Ω–∞ –í–∞—Å–∏–ª–∏–π –°—Ç–µ–ø–∞–Ω–æ–≤–∏—á –ó–∞—Ö–∞—Ä–æ–≤. –ò —Å—Ä–∞–∑—É –≤ –æ—á–µ—Ä–µ–¥–∏ —Å—Ç–∞–Ω–æ–≤–∏–ª–æ—Å—å —à—É–º–Ω–æ –∏ –≤–µ—Å–µ–ª–æ,. –ò–∑–¥–∞–ª–µ–∫–∞ –Ω–∞—Ä–∞—Å—Ç–∞–ª, –ø—Ä–∏–±–ª–∏–∂–∞–ª—Å—è –≥—Ä–æ—Ö–æ—á—É—â–∏–π –º–µ—Ç–∞–ª–ª–∏—á–µ—Å–∫–∏–π –∑–≤—É–∫, —ç—Ç–æ —Å–∫—Ä–µ–∂–µ—Ç–∞–ª–∞, –¥—Ä–µ–±–µ–∑–∂–∞–ª–∞ –Ω–µ—Å–º–∞–∑–∞–Ω–Ω—ã–º–∏ –ø–æ–¥—à–∏–ø–Ω–∏–∫–∞–º–∏ –Ω–µ—É–∫–ª—é–∂–∞—è –¥–µ—Ä–µ–≤—è–Ω–Ω–∞—è —Ç–µ–ª–µ–∂–∫–∞. 
- –û! –°—Ç–µ–ø–∞–Ω—ã—á –∫–∞—Ç–∏—Ç, —Å–ª—ã—à–∏—Ç–µ –º—É–∂–∏–∫–∏! 
- –ù—É, –¥–∞–∫ –ø–æ–Ω—è—Ç–Ω–æ! –ù–∏–Ω–∫–∞-–ø–æ—á—Ç–∞–ª—å–æ–Ω–∫–∞ —Å–µ–≥–æ–¥–Ω—è –∂ –ø–µ–Ω—Å–∏—é —Ä–∞–∑–Ω–æ—Å–∏–ª–∞! 
- –í—ã—Ä–≤–∞–ª—Å—è –±–µ–¥–æ–ª–∞–≥–∞! –ñ–∏–Ω–∫–∞-—Ç–æ —É –Ω–µ–≥–æ —Å—Ç—Ä–æ–≥–∞-–∞! 
- –î–∞–∫ –∏—Ç—å, –∫–∞–∫ —Å –∏–º –ø–æ –¥—Ä—É–≥–æ–º—É-—Ç–æ? –°–æ–ø—å—ë—Ç—Å—è! 

 –í –í–µ—Ä–∫–∏–Ω–æ–º –ø–æ—Å—ë–ª–∫–µ —Å–µ–∫—Ä–µ—Ç–æ–≤ –∏ –∑–∞–≥–∞–¥–æ–∫ –Ω–µ –ª—é–±–∏–ª–∏. –í—Å–µ–º –¥–∞–≤–Ω–æ –∏–∑–≤–µ—Å—Ç–Ω–æ, —á—Ç–æ –í–∞—Å–∏–ª–∏–π –°—Ç–µ–ø–∞–Ω–æ–≤–∏—á —Ç–æ–º–∏—Ç—Å—è –±–æ–ª—å—à–µ–π —á–∞—Å—Ç—å—é –¥–æ–º–∞, –∑–∞–ø–µ—Ä—Ç—ã–π –Ω–∞ –∑–∞–º–æ–∫ –∏ –æ–±—É—Ä–µ–≤–∞–µ–º—ã–π –º–µ—á—Ç–æ–π –∫–∞–∫-–Ω–∏–±—É–¥—å, —É—Å—ã–ø–∏–≤ –±–¥–∏—Ç–µ–ª—å–Ω–æ—Å—Ç—å —Å—É–ø—Ä—É–≥–∏, —É—Å–∫–æ–ª—å–∑–Ω—É—Ç—å –∫ –∑–∞–≤–µ—Ç–Ω–æ–º—É –ª–∞—Ä—å–∫—É, –∏—Å–ø–∏—Ç—å –ø–∏–≤–∫–∞, –ø–æ—Ç–æ–ª–∫–æ–≤–∞—Ç—å —Å –º—É–∂–∏–∫–∞–º–∏ –ø—Ä–æ —Ñ—É—Ç–±–æ–ª, –ø—Ä–æ —Ä—ã–±–∞–ª–∫—É. 
 –ê –≤–æ—Ç —Å—É–ø—Ä—É–≥–∞ –µ–≥–æ, –ê–Ω–Ω–∞ –ù–∏–∫–æ–ª–∞–µ–≤–Ω–∞, –≤—ã–ª–∞–∑–∫–∏ —ç—Ç–∏ –Ω–µ –æ–¥–æ–±—Ä—è–µ—Ç, –Ω–∞ —Ä–∞–±–æ—Ç—É –≤ —Å–≤–æ—é –±–∏–±–ª–∏–æ—Ç–µ–∫—É —É—Ö–æ–¥–∏—Ç - –¥–≤–µ—Ä—å –∑–∞–ø–∏—Ä–∞–µ—Ç, –∫–ª—é—á–∏ –ø—Ä—è—á–µ—Ç. –û–Ω–∞ —Ö–æ—Ç—å –∏–∑ –±—ã–≤—à–∏—Ö –≥—Ä–∞—Ñ–∏–Ω—å –∏ –ø—Ä–æ–∏—Å—Ö–æ–¥–∏—Ç, —Ö–æ—Ç—å –∏ —á–µ—à–µ—Ç –ø–æ-—Ñ—Ä–∞–Ω—Ü—É–∑—Å–∫–∏ –∏ –∫–Ω–∏–∂–µ–∫ –ø—Ä–æ—á–∏—Ç–∞–ª–∞ —Å—Ç–æ–ª—å–∫–æ, —á—Ç–æ –¥–∏–≤–Ω–æ –∫–∞–∫ –¥–æ —Å–∏—Ö –ø–æ—Ä –Ω–µ —Ä–µ—Ö–Ω—É–ª–∞—Å—å, –∞ –≤—Å—ë —Ä–∞–≤–Ω–æ —É–º–∏—à–∫–æ-—Ç–æ –µ–π –æ—Ç–ø—É—â–µ–Ω –ì–æ—Å–ø–æ–¥–æ–º-–ë–æ–≥–æ–º –Ω–µ –±–æ–ª—å—à–µ —á–µ–º –ø–æ –µ—ë –±–∞–±—å–µ–º—É —á–∏–Ω—É –ø–æ–ª–∞–≥–∞–µ—Ç—Å—è. –ù–µ –¥–∞–Ω–æ –µ–π –ø–æ–Ω—è—Ç—å, —á—Ç–æ –±—É–¥—å —Ç—ã —Å –Ω–æ–≥–∞–º–∏ –∏–ª–∏ –±–µ–∑, –∞ –≤—Å—ë –µ–¥–∏–Ω–æ - –¥—É—à–∞ –º—É–∂—Å–∫–∞—è –ø—Ä–æ—Å—Ç–æ—Ä–∞, —Å–≤–æ–±–æ–¥—ã –ø—Ä–æ—Å–∏—Ç, –ø–ª–∞—á–µ—Ç –¥—É—à–∞ –∏ —Ç–æ—Å–∫—É–µ—Ç –≤–∑–∞–ø–µ—Ä—Ç–∏. 

–ù–æ –≤–æ—Ç –ø–æ—Å–ª–µ–¥–Ω–∏–µ –≥–æ–¥—ã —Å–¥–∞–≤–∞—Ç—å —Å—Ç–∞–ª–∞ –ê–Ω–Ω–∞ –ù–∏–∫–æ–ª–∞–µ–≤–Ω–∞, –∑–∞–¥—É–º—á–∏–≤–æ–π —Å–¥–µ–ª–∞–ª–∞—Å—å, –Ω–µ—Å–∫–æ–ª—å–∫–æ –¥–∞–∂–µ —Ä–∞—Å—Å–µ—è–Ω–Ω–æ–π, –∏ –≤—Å—ë —á–∞—â–µ —Ç–æ –∫–ª—é—á–∏ –¥–æ–º–∞ –∑–∞–±—É–¥–µ—Ç, –∞ —Ç–æ –∏ –≤–æ–≤—Å–µ –¥–≤–µ—Ä—å –Ω–µ–∑–∞–ø–µ—Ä—Ç–æ–π –æ—Å—Ç–∞–≤–∏—Ç. –í—ã—Ä–≤–µ—Ç—Å—è –í–∞—Å–∏–ª–∏–π –°—Ç–µ–ø–∞–Ω–æ–≤–∏—á –Ω–∞ —Å–≤–æ–±–æ–¥—É, —Å –≤–µ–ª–∏–∫–∏–º —Ç—Ä—É–¥–æ–º –æ–¥–æ–ª–µ–µ—Ç –≤–µ–¥—É—â–∏–µ –Ω–∞ —É–ª–∏—Ü—É —á–µ—Ç—ã—Ä–µ —Å—Ç—É–ø–µ–Ω—å–∫–∏ –∏ –±–æ–¥—Ä–æ –∫–∞—Ç–∏—Ç –Ω–∞ —Å–∞–º–æ–¥–µ–ª—å–Ω–æ–π —Ç–µ–ª–µ–∂–∫–µ, —á–∞—Å—Ç–æ –æ—Ç—Ç–∞–ª–∫–∏–≤–∞—è—Å—å –æ—Ç—Å—Ç—Ä—É–≥–∞–Ω–Ω—ã–º–∏ –¥–µ—Ä–µ–≤—è—à–∫–∞–º–∏ . 
- –†–∞–∑–∑–æ–π–¥–∏—Å—å, –±—Ä–∞—Ç–≤–∞! ‚Äì –≤–µ—Å–µ–ª–æ –∫—Ä–∏—á–∏—Ç, –≤–∫–ª–∏–Ω–∏–≤–∞—è—Å—å –≤ —Ç–æ–ª–ø—É –≤–æ–∑–ª–µ –ø–∏–≤–Ω–æ–≥–æ –ª–∞—Ä—å–∫–∞, –Ω–∞—Ä—É—à–∞—è –∏ –±–µ–∑ —Ç–æ–≥–æ –Ω–µ —à–∏–±–∫–æ-—Ç–æ —Å—Ç—Ä–æ–π–Ω—É—é –æ—á–µ—Ä–µ–¥—å. 
–ò –Ω–∏–∫—Ç–æ –Ω–µ —Ä–æ–ø—â–µ—Ç, —É–ª—ã–±–∞—é—Ç—Å—è, —Ä—É–∫—É –∂–º—É—Ç, —É–≥–æ—â–∞—é—Ç, –∏ –í–∞—Å–∏–ª–∏–π –°—Ç–µ–ø–∞–Ω–æ–≤–∏—á —É–≥–æ—â–∞–µ—Ç, —Ç–æ—Ä–æ–ø–∏—Ç—Å—è, —Ç—è–Ω–µ—Ç –≤ –æ–∫–æ—à–∫–æ —Å–≤–æ–π –∏–∑—Ä—è–¥–Ω–æ –ø–æ–∂—É–ª—å–∫–∞–Ω–Ω—ã–π —Ä—É–±–ª–∏—à–∫–æ, –ø–æ–¥–º–∏–≥–∏–≤–∞–µ—Ç –æ–∑–æ—Ä–Ω–æ —Ç–æ–ª—Å—Ç–æ–π –¥–µ–≤–∞—Ö–µ-–ø—Ä–æ–¥–∞–≤—â–∏—Ü–µ, –µ—â—ë –∏ —à—É—Ç–æ—á–∫—É –æ—Ç–ø—É—Å—Ç–∏—Ç —Å–æ–ª—ë–Ω–µ–Ω—å–∫—É—é, –Ω–∞ —Å–æ–ª–¥–∞—Ç—Å–∫–∏–π –º–∞–Ω–µ—Ä. 
 –î–µ–≤–∫–∞ —Ö–æ—Ö–æ—á–µ—Ç, —Ä–∞–¥–æ—Å—Ç–Ω–æ –∑–∞–ª–∏–≤–∞—è—Å—å —Ä—É–º—è–Ω—Ü–µ–º. 
–ú—É–∂–∏–∫–∏ —Å–º–µ—é—Ç—Å—è, –æ–¥–æ–±—Ä–∏—Ç–µ–ª—å–Ω–æ —Ö–ª–æ–ø–∞—é—Ç –°—Ç–µ–ø–∞–Ω—ã—á–∞ –ø–æ –ø–ª–µ—á—É, –±—É–ª—å–∫–∞—é—Ç –≤ –ø–µ–Ω—è—â–µ–µ—Å—è –ø–∏–≤–æ —á–µ–≥–æ –ø–æ–∫—Ä–µ–ø—á–µ. 
–°—Ç–µ–ø–∞–Ω—ã—á —Ö–º–µ–ª–µ–µ—Ç, —Ç—è–∂–µ–ª–µ–µ—Ç –≤–∑–≥–ª—è–¥–æ–º, –æ—Ç—á—ë—Ç–ª–∏–≤–æ –ø—Ä–æ—Å—Ç—É–ø–∞–µ—Ç —Å—Ç–∞—Ä—ã–π —à—Ä–∞–º –ø–æ–ø–µ—Ä—ë–∫ —â–µ–∫–∏, –≥—Ä–æ–º–∫–∏–º –Ω–µ–ø—Ä–∏—è—Ç–Ω—ã–º —Ñ–∞–ª—å—Ü–µ—Ç–æ–º –≤—ã–≤–æ–¥–∏—Ç: 
 
 –ê—Ä–¥–∏–Ω–∞ –Ω–µ–¥–∞—Ä–æ–º –Ω–∞–º —Å—Ç—Ä–∞–Ω–∞ –≤—Ä—É—á–∏–ª–∞, 
 –ï–Ω—Ç–æ –∑–Ω–∞–µ—Ç –∫–∞–∂–¥—ã–π –Ω–∞—à –±–æ–µ—Ü, 
 –ú—ã –≥–æ—Ç–æ–≤—ã –∫ –±–æ—é, —Ç–æ–≤–∞—Ä–∏—â –í–æ—Ä–æ—à–∏–ª–æ–≤, 
 –ú—ã –≥–æ—Ç–æ–≤—ã –∫ –±–æ—é, –°—Ç–∞–ª–∏–Ω –Ω–∞—à –æ—Ç–µ—Ü! 
 
 - –°—Ç–µ–ø–∞–Ω—ã—á, —É–π–º–∏—Å—å, –ø–æ—Ä—è–¥–æ–∫ –æ–±—à—à–µ—Å—Ç–≤–µ–Ω–Ω—ã–π –Ω–µ –Ω–∞—Ä—É—à–∞–π, - –ø—ã—Ç–∞—é—Ç—Å—è –æ—Å—Ç–µ–ø–µ–Ω–∏—Ç—å –µ–≥–æ –º—É–∂–∏–∫–∏, - –º–∏–ª–∏—Ü–∏—è-—Ç–æ –≤–æ–Ω –æ–Ω–∞, –Ω–µ –¥—Ä–µ–º–ª–µ—Ç! –ó–∞–≥—Ä–µ–±—É—Ç –≤ –∫–∞—Ç–∞–ª–∞–∂–∫—É! 
- –°—Ä–∞–ª —è –Ω–∞ –≤–∞—à—É –º–∏–ª–∏—Ü–∏—é! –Ø –≤ —à—Ç—ã–∫–æ–≤—É—é —Ö–æ–¥–∏–ª, —Å –≥–æ–ª—ã–º–∏, –ø–æ—á–∏—Ç–∞–π, —Ä—É–∫–∞–º–∏ –Ω–∞ –Ω–µ–º–µ—Ü–∫–∏–µ —Ç–∞–Ω–∫–∏ –ø—ë—Ä! –ß—ë —Ç—ã –º–Ω–µ —Å–≤–æ—é –º–∏–ª–∏—Ü–∏—é –≤ –Ω–æ—Å —Å—É—ë—à—å, —è –∏—Ö –≤—Å–µ—Ö, –∑–Ω–∞–µ—à—å, –≥–¥–µ –≤–∏–¥–µ–ª! 
 –ú–Ω–æ–≥–æ —á–µ–≥–æ, —Å–æ–≤—Å–µ–º —É–∂ –Ω–µ—Å—É—Ä–∞–∑–Ω–æ–≥–æ, –∫—Ä–∏—á–∏—Ç –°—Ç–µ–ø–∞–Ω—ã—á, —Ä–æ–Ω—è—è –µ–¥–∫–∏–µ –∫–∞–ø–ª–∏-—Å–ª—ë–∑—ã –Ω–∞ –≥—Ä—è–∑–Ω—ã–π –∑–∞–ø–ª—ë–≤–∞–Ω–Ω—ã–π —Å–Ω–µ–≥, —Ä–≤—ë—Ç –Ω–∞ –≥—Ä—É–¥–∏ –ø–∏–¥–∂–∞—á–∏—à–∫–æ, –ø–æ–∫–∞–∑—ã–≤–∞—è —Ç–æ—â—É—é –≥—Ä—É–¥—å, –∏—Å–ø–æ–ª–æ—Å–æ–≤–∞–Ω–Ω—É—é –±–∞–≥—Ä–æ–≤–æ-—Å–∏–Ω–∏–º–∏ —Ä—É–±—Ü–∞–º–∏. 
 –ò —É–∂–µ –∫–∞–∫–∞—è-—Ç–æ —Å–µ—Ä–¥–æ–±–æ–ª—å–Ω–∞—è –±–∞–±—ë–Ω–∫–∞ —Å—Ç—É—á–∏—Ç –≤ –æ–∫–æ—à–∫–æ –±–∏–±–ª–∏–æ—Ç–µ–∫–∏: 
- –ù–∏–∫–æ–ª–∞–≤–Ω–∞! –¢–≤–æ–π-—Ç–æ –æ–ø—è—Ç—å –±—É—à—É–µ—Ç! 

 –ê–Ω–Ω–∞ –ù–∏–∫–æ–ª–∞–µ–≤–Ω–∞ –ø–ª–∞—Ç–æ—á–µ–∫ –Ω–∞—Å–ø–µ—Ö –Ω–∞ –ø–ª–µ—á–∏ –Ω–∞–∫–∏–Ω–µ—Ç –∏ –±–µ–∂–∏—Ç –≤ –ª—ë–≥–∫–∏—Ö —Ç—É—Ñ–µ–ª—å–∫–∞—Ö, –Ω–µ–¥–æ—Å—É–≥ –æ–±—É–≤–∞—Ç—å—Å—è-—Ç–æ, —Å–∫–æ–ª—å–∑–∏—Ç, –æ—Å—Ç—É–ø–∞–µ—Ç—Å—è. –°–Ω–µ–≥ –≤ —Ç—É—Ñ–µ–ª—å–∫–∏ –Ω–∞–±–∏–ª—Å—è, –¥—ã—Ö–∞–Ω–∏–µ –ø–µ—Ä–µ—Ö–≤–∞—Ç—ã–≤–∞–µ—Ç, –∏–∑ –≤–æ–ª–æ—Å —Å–µ–¥—ã—Ö, –≤—ã—Å–æ–∫–∏–º –≤–∞–ª–∏–∫–æ–º —É–ª–æ–∂–µ–Ω–Ω—ã—Ö, —à–ø–∏–ª—å–∫–∏ —Å—ã–ø–ª—é—Ç—Å—è. –ù–∞ –∫–æ–ª–µ–Ω–∏ –±—É—Ö–Ω–µ—Ç—Å—è, –ø—Ä–∏–∂–º—ë—Ç –∫ –≥—Ä—É–¥–∏ –æ—Ç—á–∞—è–Ω–Ω–æ–≥–æ –≤–æ—è–∫—É, —á—Ç–æ-—Ç–æ –¥–æ–ª–≥–æ-–¥–æ–ª–≥–æ —à–µ–ø—á–µ—Ç –Ω–∞ —É—Ö–æ, –≥—É–±–∞–º–∏ —Å–Ω–∏–º–∞—è —Å–æ —â–µ–∫–∏ —Ä–µ–¥–∫–∏–µ —Å–æ–ª—ë–Ω—ã–µ –∫–∞–ø–ª–∏, –∏ –æ–±–º—è–∫–Ω–µ—Ç –°—Ç–µ–ø–∞–Ω—ã—á, –ø–æ—Å–ª—É—à–Ω—ã–º, –¥–æ–≤–µ—Ä—á–∏–≤—ã–º —Å–¥–µ–ª–∞–µ—Ç—Å—è, —Ä–æ–≤–Ω–æ –º–∞–ª–æ–µ –¥–∏—Ç—è. –ê–Ω–Ω–∞ –ù–∏–∫–æ–ª–∞–µ–≤–Ω–∞ —É—Å–∞–¥–∏—Ç –µ–≥–æ –ø–æ–∫—Ä–µ–ø—á–µ, –ø–∏–¥–∂–∞–∫ –æ–±–¥—ë—Ä–Ω–µ—Ç, –Ω–∞ –≤—Å–µ –ø—É–≥–æ–≤–∫–∏ –∑–∞—Å—Ç–µ–≥–Ω—ë—Ç –∏ –∑–∞ –≤–µ—Ä—ë–≤–æ—á–∫—É –ø—Ä–∏–∫–æ–º–∞–Ω–¥–∏—Ä—É–µ—Ç –∫ –º–µ—Å—Ç—É –ø—Ä–æ–∂–∏–≤–∞–Ω–∏—è. 
 - –ò—à—å, –∫–æ—Ä–æ–ª–µ–≤–Ω–∞, –∏ –Ω–µ –ø–æ–∑–¥–æ—Ä–æ–≤–∫–∞–ª–∞—Å—å –Ω–∏ —Å –∫–µ–º, - –ø—Ä–∏–º—É—Ç—Å—è —Å—É–¥–∞—á–∏—Ç—å –±–∞–±—ã –≤ –º–æ–ª–æ—á–Ω–æ–π –æ—á–µ—Ä–µ–¥–∏. 
- –ò–∑ –±—ã–≤—à–∏—Ö - –∫–Ω—è–≥–∏–Ω—è –∏–ª–∏, –ø–æ–¥–∏-–∫–∞, –≥—Ä–∞—Ñ–∏–Ω—è. 
- –î–∞ –±—Ä–æ—Å—å—Ç–µ –≤—ã, –±–∞–±–æ–Ω—å–∫–∏! –ò–∑ –ú–æ—Å–∫–≤—ã –æ–Ω–∞, –¥–æ –≤–æ–π–Ω—ã –∏—à—à–æ –≤—ã—Å–ª–∞–Ω–Ω–∞—è, –±–∏–±–ª–∏–æ—Ç–µ–∫–æ–π –∑–∞–≤–µ–¥—É–µ—Ç. –î–µ—Ç–µ–π –Ω–µ—Ç, –º—É–∂ –ø—å—è–Ω–∏—Ü–∞ –±–µ–∑–Ω–æ–≥–∏–π - –≤–æ—Ç —Ç–µ–±–µ –∏ –≥—Ä–∞—Ñ–∏–Ω—è! 
- –ì–æ—Ä–µ–º—ã—á–Ω–∞—è, - –≤—ã–Ω–µ—Å–ª–∏ —Å–≤–æ–π –ø—Ä–∏–≥–æ–≤–æ—Ä –±–∞–±—ã –∏ –Ω–∞ —Ç–æ–º —É—Å–ø–æ–∫–æ–∏–ª–∏—Å—å. 

 –ê –í–µ—Ä–∫–∞ –æ—Ç—á–µ–≥–æ-—Ç–æ —Ä–æ–±–µ–ª–∞, —Å—Ç–µ—Å–Ω—è–ª–∞—Å—å –ø–æ–¥ –≤–Ω–∏–º–∞—Ç–µ–ª—å–Ω—ã–º –≤–∑–≥–ª—è–¥–æ–º –Ω–µ–º–æ–ª–æ–¥–æ–π —É–∂–µ —Ö—É–¥–µ–Ω—å–∫–æ–π –∂–µ–Ω—â–∏–Ω—ã, –∏ –ø—Ä–∏ —Å–ª—É—á–∞–π–Ω—ã—Ö –≤—Å—Ç—Ä–µ—á–∞—Ö —Å–º—É—â—ë–Ω–Ω–æ –±–æ—Ä–º–æ—Ç–∞–ª–∞: 
- –ó–¥—Ä–∞—Å—å—Ç–µ. 
- –ó–¥—Ä–∞–≤—Å—Ç–≤—É–π—Ç–µ, –º–∏–ª–∞—è, - –Ω–µ–∏–∑–º–µ–Ω–Ω–æ –æ—Ç–≤–µ—á–∞–ª–∞ –ê–Ω–Ω–∞ –ù–∏–∫–æ–ª–∞–µ–≤–Ω–∞. 
¬´–ú–∏–ª–∞—è, - –¥—É–º–∞–ª–∞ –í–µ—Ä–∫–∞, - —Å —á–µ–≥–æ –æ–Ω–∞ –≤–∑—è–ª–∞, —á—Ç–æ —è –º–∏–ª–∞—è? –°—Ç—Ä–∞–Ω–Ω–∞—è –∫–∞–∫–∞—è, –Ω–µ–¥–∞—Ä–æ–º –≥–æ–≤–æ—Ä—è—Ç - –≥—Ä–∞—Ñ–∏–Ω—è¬ª. 

–ò –æ–¥–Ω–∞–∂–¥—ã, –¥–≤–∏–∂–∏–º–∞—è –ª—é–±–æ–ø—ã—Ç—Å—Ç–≤–æ–º –í–µ—Ä–∫–∞ –∑–∞—è–≤–∏–ª–∞—Å—å –≤ –±–∏–±–ª–∏–æ—Ç–µ–∫—É. –í–ø—Ä–æ—á–µ–º, –∑–∞—è–≤–∏—Ç—å—Å—è –æ–Ω–∞ –∫–æ–Ω–µ—á–Ω–æ –Ω–µ –ø–æ—Å–º–µ–ª–∞, –ø—Ä–æ—Å—Ç–æ –ø–µ—Ä–µ–ª–µ–∑–ª–∞ —Å –∫—Ä—ã–ª–µ—á–∫–∞ –Ω–∞ –∫–∞—Ä–Ω–∏–∑ –Ω–µ–≤—ã—Å–æ–∫–æ–≥–æ –æ–∫–æ—à–∫–∞, –∏, –ø–æ–º–∏–Ω—É—Ç–Ω–æ —Å–æ—Å–∫–∞–ª—å–∑—ã–≤–∞—è –∏ –µ–≥–æ–∑—è—Å—å, –ø—Ä–∏–Ω–∏–∫–ª–∞ –Ω–æ—Å–æ–º –∫ —Å—Ç–µ–∫–ª—É, –ø—Ä–æ—Å–∫—Ä–µ–±–ª–∞ –¥—ã—Ä–æ—á–∫—É –≤ —Ç–æ–ª—Å—Ç–æ–º —Å–ª–æ–µ –Ω–∞–º—ë—Ä–∑—à–µ–≥–æ –ª—å–¥–∞, –ø–æ–¥—ã—à–∞–ª–∞ –Ω–∞ –Ω–µ—ë –∏ —Ä–∞–∑–≥–ª—è–¥–µ–ª–∞ –≤ —Å–µ—Ä–æ–º –ø–æ–ª—É–º—Ä–∞–∫–µ –Ω–µ—Å–∫–æ–ª—å–∫–æ –≤—ã—Å–æ–∫–∏—Ö —à–∫–∞—Ñ–æ–≤, –Ω–∞–±–∏—Ç—ã—Ö –¥–æ–≤–µ—Ä—Ö—É –∫–Ω–∏–≥–∞–º–∏, –º–∞–ª–µ–Ω—å–∫–∏–π —Å—Ç–æ–ª–∏–∫ –≤ —É–≥–æ–ª–∫–µ, —Å–ª–∞–±—É—é —Ñ–∏–≥—É—Ä–∫—É –≤ –Ω–∞–∫–∏–Ω—É—Ç–æ–º –Ω–∞ –ø–ª–µ—á–∏ –±–µ–ª–æ–º –ø—É—à–∏—Å—Ç–æ–º –ø–ª–∞—Ç–∫–µ. 
 –ó–∞–º–µ—Ä–µ–≤, –¥–æ–ª–≥–æ —Ä–∞–∑–≥–ª—è–¥—ã–≤–∞–ª–∞ —Å–∫–ª–æ–Ω—ë–Ω–Ω—É—é —Å–µ–¥—É—é –≥–æ–ª–æ–≤—É, —Ç–æ–Ω–∫–∏–µ –ø–∞–ª—å—Ü—ã, —á—Ç–æ-—Ç–æ –±—ã—Å—Ç—Ä–æ —á–∏—Ä–∫–∞—é—â–∏–µ –∫–∞—Ä–∞–Ω–¥–∞—à–æ–º –Ω–∞ –ø–æ–ª—è—Ö –∫–Ω–∏–≥–∏. 
 ""–ì—Ä–∞—Ñ–∏–Ω—è‚Ä¶ –∫—Ä–∞—Å–∏–≤–∞—è, –±—É–¥—Ç–æ —Ñ–µ—è –≤ –∫–∏–Ω–æ –ø—Ä–æ ¬´–ó–æ–ª—É—à–∫—É¬ª, - –¥—É–º–∞–ª–∞ –í–µ—Ä–∫–∞. 

 –ñ–µ–Ω—â–∏–Ω–∞ –Ω–µ–æ–∂–∏–¥–∞–Ω–Ω–æ –ø–æ–¥–Ω—è–ª–∞ –≥–æ–ª–æ–≤—É –∏ —É–ª—ã–±–Ω—É–ª–∞—Å—å, –∑–∞–º–µ—Ç–∏–≤ –ª—é–±–æ–ø—ã—Ç–Ω—ã–π –í–µ—Ä–∫–∏–Ω –≥–ª–∞–∑, –æ–¥–∏–Ω–æ–∫–æ —Ç–æ—Ä—á–∞–≤—à–∏–π –≤ –∑–∞–º—ë—Ä–∑—à–µ–º –æ–∫–Ω–µ. –í–µ—Ä–∫—É —Å–ª–æ–≤–Ω–æ –≤–µ—Ç—Ä–æ–º —Å–¥—É–ª–æ, –Ω–∞—á–µ—Ä–ø–∞–≤ –ø–æ–ª–Ω—ã–µ –≤–∞–ª–µ–Ω–∫–∏ —Å–Ω–µ–≥–∞, –æ–Ω–∞ –≤—ã–±—Ä–∞–ª–∞—Å—å –∏–∑ —Å—É–≥—Ä–æ–±–∞ –∏, —á—Ç–æ –µ—Å—Ç—å –¥—É—Ö—É, –ø—Ä–∏–ø—É—Å—Ç–∏–ª–∞ –∫ –¥–æ–º—É. –ù–æ –Ω–∞–∑–∞–≤—Ç—Ä–∞ –æ–ø—è—Ç—å –ø—Ä–∏—à–ª–∞, –∏ —É–∂–µ –ø—Ä–∏–≤—ã—á–Ω–æ —É—Å—Ç—Ä–æ–∏–≤—à–∏—Å—å –Ω–∞ —Å–∫–æ–ª—å–∑–∫–æ–º –∫–∞—Ä–Ω–∏–∑–µ, –ø—Ä–∏–ª—å–Ω—É–≤ –∫ —Å—Ç–µ–∫–ª—É, –Ω–µ –æ–±–Ω–∞—Ä—É–∂–∏–ª–∞ —Å–≤–æ–µ–π –≥—Ä–∞—Ñ–∏–Ω–∏ –Ω–∞ –∑–∞–∫–æ–Ω–Ω–æ–º –º–µ—Å—Ç–µ. 
 - –ö—É–¥–∞ –æ–Ω–∞ –ø–æ–¥–µ–≤–∞–ª–∞—Å—å? - –∑–∞ —Ä–∞–∑–º—ã—à–ª–µ–Ω–∏—è–º–∏ –í–µ—Ä–∫–∞ –Ω–µ —Ä–∞—Å—Å–ª—ã—à–∞–ª–∞ —Å–∫—Ä–∏–ø —Å–Ω–µ–≥–∞ –ø–æ–¥ –ª—ë–≥–∫–∏–º–∏ —à–∞–≥–∞–º–∏, –ø—Ä–æ–ø—É—Å—Ç–∏–ª–∞ —Ç–æ—Ç –µ–¥–∏–Ω—Å—Ç–≤–µ–Ω–Ω—ã–π –º–æ–º–µ–Ω—Ç, –∫–æ–≥–¥–∞ –µ—â—ë –º–æ–∂–Ω–æ –±—ã–ª–æ, –∫—É–±–∞—Ä–µ–º —Å–∫–∞—Ç–∏–≤—à–∏—Å—å —Å –∫—Ä—ã–ª—å—Ü–∞, –∑–∞–¥–∞—Ç—å —Å—Ç—Ä–µ–∫–∞—á–∞ –∏ —Å–ø–∞—Å—Ç–∏—Å—å –±–µ–≥—Å—Ç–≤–æ–º. 

 –û–ø–æ–º–Ω–∏–ª–∞—Å—å –∑–∞ –º–∞–ª–µ–Ω—å–∫–∏–º —Å—Ç–æ–ª–æ–º. –ß—É—Ç—å –æ—Å–º–µ–ª–µ–≤, –ø–∏–ª–∞ —á–∞–π, –≤–∫—É—Å–Ω—ã–π, –∑–∞–ø–∞—à–∏—Å—Ç—ã–π –∏–∑ –Ω–µ–≤–∏–¥–∞–Ω–Ω–æ–π –∫—Ä–∞—Å–æ—Ç—ã —Å–∏–Ω–µ–π —á–∞—à–∫–∏ —Å –∑–æ–ª–æ—Ç—ã–º –æ–±–æ–¥–∫–æ–º, –¥–∞–∂–µ –∫–æ–Ω—Ñ–µ—Ç–∫—É-–ø–æ–¥—É—à–µ—á–∫—É, —Ö–æ—Ç—å –∏ –Ω–µ —Å—Ä–∞–∑—É, –Ω–æ –≤—Å—ë –∂–µ —Ä–µ—à–∏–ª–∞—Å—å –∑–∞—Å—É–Ω—É—Ç—å –∑–∞ —â—ë–∫—É, –Ω–∞ —Ä–∞—Å—Å–ø—Ä–æ—Å—ã –Ω–µ –æ—Ç–≤–µ—á–∞–ª–∞, —Ö–º—É—Ä–∏–ª–∞—Å—å –∏ —Ç–æ–ª—å–∫–æ –∫ –≤–µ—á–µ—Ä—É –æ—Å—Ç–æ—Ä–æ–∂–Ω–æ –±—É—Ä–∫–Ω—É–ª–∞: 
- –í–µ—Ä–∫–æ–π –º–µ–Ω—è –∑–æ–≤—É—Ç. 
- –í–µ—Ä–æ—á–∫–∞, —è –≤–∞—Å –∑–∞–≤—Ç—Ä–∞ –∂–¥—É, - —Å–∫–∞–∑–∞–ª–∞ –ê–Ω–Ω–∞ –ù–∏–∫–æ–ª–∞–µ–≤–Ω–∞, - –≤—ã –Ω–∞–Ω–µ—Å—ë—Ç–µ –º–Ω–µ –≤–∏–∑–∏—Ç —á–∞—Å–∏–∫–æ–≤ –≤ –¥–µ—Å—è—Ç—å —É—Ç—Ä–∞, –∏–ª–∏, –µ—Å–ª–∏ –≤–∞–º —É–¥–æ–±–Ω–µ–µ, –≤ –æ–¥–∏–Ω–Ω–∞–¥—Ü–∞—Ç—å? –ù–µ –∑–∞–±—É–¥–µ—Ç–µ? 
- –ù–µ –∑–∞–±—É–¥—É. –ù–∞–Ω–µ—Å—É, - –ø—Ä–æ–±—É—Ä—á–∞–ª–∞ –í–µ—Ä–∫–∞. 
 –ù–∞–Ω–µ—Å–ª–∞. –ù–µ –∑–∞–±—ã–ª–∞. 

–î–∞ —Ç–∞–∫ –∏ –ø–æ–≤–µ–ª–æ—Å—å: —Ä–µ–±—è—Ç–∏—à–∫–∏ —Å –≥–æ—Ä–∫–∏ –∫–∞—Ç–∞—é—Ç—Å—è, –≤ —Å–Ω–µ–≥—É –±–∞—Ä–∞—Ö—Ç–∞—é—Ç—Å—è, –ª–µ—Ç–æ–º –Ω–∞ —Ä–µ–∫–µ –¥–∞ –≤ –ª–µ—Å—É –ø—Ä–æ–ø–∞–¥–∞—é—Ç, –∞ –í–µ—Ä–∫–∞ –ø–æ—Å–ª–µ —É—Ä–æ–∫–æ–≤ —Å–ø—Ä–∞–≤–∏—Ç —Å–≤–æ–∏ –¥–µ–ª–∞ –ø–æ —Ö–æ–∑—è–π—Å—Ç–≤—É –∏ –±–µ–≥–æ–º –≤ –±–∏–±–ª–∏–æ—Ç–µ–∫—É. 
 –ê–Ω–Ω–∞ –ù–∏–∫–æ–ª–∞–µ–≤–Ω–∞ —É–∂ –ø–æ–¥–∂–∏–¥–∞–µ—Ç, —á–∞–π–Ω–∏–∫ –∫–∏–ø—è—Ç–∏—Ç. –í–µ—Ä–∫–∞ –≤–≤–∞–ª–∏—Ç—Å—è, –ø—Ä–∏–Ω–µ—Å—ë—Ç —Å —Å–æ–±–æ–π –º–æ—Ä–æ–∑–Ω—ã–π –≤–æ–∑–¥—É—Ö, –∫—É—á—É –Ω–æ–≤–æ—Å—Ç–µ–π —à–∫–æ–ª—å–Ω—ã—Ö –æ–¥–Ω–∏–º –º–∞—Ö–æ–º –≤—ã–≤–∞–ª–∏—Ç, –¥–∞ –º–µ–∂–¥—É —Ä–∞–∑–≥–æ–≤–æ—Ä–∞–º–∏ —É—Å–ø–µ–µ—Ç –ø—ã–ª—å —Å–æ —à–∫–∞—Ñ–æ–≤ –æ–±—Ç–µ—Ä–µ—Ç—å, –ø–æ–ª –≤–ª–∞–∂–Ω–æ–π —Ç—Ä—è–ø–∫–æ–π –æ–±–º–∞—Ö–Ω—É—Ç—å, —Å–Ω–µ–≥ –æ—Ç –∫—Ä—ã–ª—å—Ü–∞ –æ—Ç–≥—Ä–µ—Å—Ç–∏. 
–ê–Ω–Ω–∞ –ù–∏–∫–æ–ª–∞–µ–≤–Ω–∞ –ø–æ–Ω–∞—á–∞–ª—É —Å–º—É—â–∞–ª–∞—Å—å: 
- –ù—É, —á—Ç–æ –≤—ã, –í–µ—Ä–æ—á–∫–∞, —è –∏ —Å–∞–º–∞ —É–ø—Ä–∞–≤–ª—é—Å—å. 
–ù–æ –í–µ—Ä–∫–∞ –≤–æ–∑—Ä–∞–∂–µ–Ω–∏–π –Ω–µ –ª—é–±–∏–ª–∞. –ò –≤–µ—Å–µ–ª–æ —Ä–∞—Å–ø—Ä–∞–≤–ª—è–ª–∞—Å—å —Å –¥–µ–ª–∞–º–∏, –∞ —Ç–∞–º —É–∂ –∏ —á–∞–π–Ω–∏–∫ –ø–æ–¥–æ—Å–ø–µ–ª. –°–∏–¥—è—Ç –æ–±–µ –¥–æ–≤–æ–ª—å–Ω—ã–µ, —á–∞—ë–∫ –∏–∑ —Å–∏–Ω–∏—Ö —á–∞—à–µ–∫ –ø–æ–ø–∏–≤–∞—é—Ç, –±–µ—Å–µ–¥—É—é—Ç –Ω–µ —Å–ø–µ—à–∞, –∫–Ω–∏–∂–∫–∏ –ø—Ä–æ—á–∏—Ç–∞–Ω–Ω—ã–µ –æ–±—Å—É–∂–¥–∞—é—Ç. 

 –ß–∏—Ç–∞—Ç—å –í–µ—Ä–∫–∞ –ø—Ä–∏—Å—Ç—Ä–∞—Å—Ç–∏–ª–∞—Å—å —Å –ª—ë–≥–∫–æ–π —Ä—É–∫–∏ –ê–Ω–Ω—ã –ù–∏–∫–æ–ª–∞–µ–≤–Ω—ã. –ü—Ä–µ–∂–¥–µ –Ω–µ —É—Å–∞–¥–∏—Ç—å –±—ã–ª–æ –¥–µ–≤—á–æ–Ω–∫—É –∑–∞ –∫–Ω–∏–∂–∫—É. –ê –Ω—ã–Ω—á–µ –º–∞—Ç—å –Ω–µ –∑–Ω–∞–µ—Ç —Ä–∞–¥–æ–≤–∞—Ç—å—Å—è –∏–ª–∏ –≤—Å—ë –∂–µ –≤—ã–¥—Ä–∞—Ç—å –í–µ—Ä–∫—É –∫–∞–∫ —Ç—É —Å–∞–º—É—é, ¬´—Å–∏–¥–æ—Ä–æ–≤—É –∫–æ–∑—É¬ª, –≤–µ–¥—å –¥–µ–Ω—å –Ω–∞–ø—Ä–æ–ª—ë—Ç —á–∏—Ç–∞–µ—Ç –∏ –Ω–æ—á—å, –±—ã–≤–∞–µ—Ç, –ø—Ä–∏—Ö–≤–∞—Ç–∏—Ç. –î–∞ —á—Ç–æ –Ω–æ—á—å, –∏ –≤ —à–∫–æ–ª–µ –Ω–∞ –∑–∞–¥–Ω–µ–π –ø–∞—Ä—Ç–µ, –ø—Ä–∏–∫—Ä–æ–µ—Ç —É—á–µ–±–Ω–∏–∫–æ–º —Ç–æ–º–∏–∫ —Å–∫–∞–∑–æ–∫ –ê–Ω–¥–µ—Ä—Å–µ–Ω–∞ –∏–ª–∏ –ø—Ä–∏–∫–ª—é—á–µ–Ω–∏–π –ñ—é–ª—å –í–µ—Ä–Ω–∞, –∏ —É–Ω–µ—Å—ë—Ç—Å—è –ø—Ä–æ—á—å –∏–∑ –¥—É—à–Ω–æ–≥–æ –∫–ª–∞—Å—Å–∞, –ø–æ–¥–∞–ª—å—à–µ –æ—Ç —Å–æ–ø—è—â–∏—Ö –æ–¥–Ω–æ–∫–ª–∞—Å—Å–Ω–∏–∫–æ–≤, –Ω–∞–¥–æ–µ–¥–ª–∏–≤—ã—Ö –∫—Ä–∏–∫–ª–∏–≤—ã—Ö —É—á–∏—Ç–µ–ª–µ–π. –ù–µ —Å–ª—ã—à–∏—Ç –í–µ—Ä–∫–∞ –∏ –Ω–µ –≤–∏–¥–∏—Ç –Ω–∏—á–µ–≥–æ –≤–æ–∫—Ä—É–≥ —Å–µ–±—è. –î–æ —Ç–æ–≥–æ –ª–∏? –ö–æ–≥–¥–∞ –æ–≥—Ä–æ–º–Ω–∞—è —Å—Ç—Ä–∞—à–Ω–∞—è –ø—Ç–∏—Ü–∞ —É–Ω–µ—Å–ª–∞ —Å—ã–Ω–∞ –∫–∞–ø–∏—Ç–∞–Ω–∞ –ì—Ä–∞–Ω—Ç–∞, –ì–µ—Ä–¥–∞ –ø–æ—á—Ç–∏ –¥–æ–±—Ä–∞–ª–∞—Å—å –¥–æ –ö–∞—è, –∏ –î—é–π–º–æ–≤–æ—á–∫–∞, –Ω–∞–∫–æ–Ω–µ—Ü, –Ω–∞—à–ª–∞ —Å–≤–æ—ë —Å—á–∞—Å—Ç—å–µ. 

 –¢—Ä–æ–π–∫–∏ –ø—Ä–æ—á–Ω–æ –ø—Ä–æ–ø–∏—Å–∞–ª–∏—Å—å –≤ –í–µ—Ä–∫–∏–Ω–æ–º –¥–Ω–µ–≤–Ω–∏–∫–µ. –ê–Ω–Ω–∞ –ù–∏–∫–æ–ª–∞–µ–≤–Ω–∞ —Ç–æ–ª—å–∫–æ –≥–æ–ª–æ–≤–æ–π –∫–∞—á–∞–ª–∞, –ø—Ä–æ–±–æ–≤–∞–ª–∞ –≤–ª–∏—è—Ç—å –Ω–∞ –í–µ—Ä–∫–∏–Ω—É —É—Å–ø–µ–≤–∞–µ–º–æ—Å—Ç—å: 
- –í–µ—Ä–æ—á–∫–∞, –≤—ã —É—Ä–æ–∫–∏ —Å–¥–µ–ª–∞–ª–∏? 
 –í–µ—Ä–∫–∞ —Ç–æ–ª—å–∫–æ –æ—Ç–º–∞—Ö–Ω—ë—Ç—Å—è. –ö–∞–∫–∏–µ —É—Ä–æ–∫–∏! –ü–æ—Ç–æ–º, —É—Å–ø–µ–µ—Ç—Å—è! 
 –ò –ø–æ–¥—Ä—É–≥–∏ –∫–∞–∫-—Ç–æ –Ω–µ –∑–∞–≤–æ–¥–∏–ª–∏—Å—å –≤ –í–µ—Ä–∫–∏–Ω–æ–π –∂–∏–∑–Ω–∏. –î–µ–≤—á–æ–Ω–∫–∏-—Ä–æ–≤–µ—Å–Ω–∏—Ü—ã —É–∂–µ –∏ –ø–µ—Ä–µ–¥ –∑–µ—Ä–∫–∞–ª–æ–º –≤ —à–∫–æ–ª–µ –≤—å—é—Ç—Å—è, —à—É—à—É–∫–∞—é—Ç—Å—è, —á—ë–ª–∫–∏ –Ω–∞ –∫–∞—Ä–∞–Ω–¥–∞—à –Ω–∞–∫—Ä—É—á–∏–≤–∞—é—Ç, –∞ –æ–Ω–∞ —Ö–ª–æ–ø–∞–µ—Ç –º–æ—Ö–Ω–∞—Ç—ã–º–∏ —Ä–µ—Å–Ω–∏—Ü–∞–º–∏, –∫–æ–Ω—á–∏–∫ –≥—É—Å—Ç–æ–π —Ç—ë–º–Ω–æ–π –∫–æ—Å—ã –ø–µ—Ä–µ–±–∏—Ä–∞–µ—Ç –¥–ª–∏–Ω–Ω—ã–º–∏ –ø–∞–ª—å—Ü–∞–º–∏, –¥—É–º–∞–µ—Ç –Ω–µ–∏–∑–≤–µ—Å—Ç–Ω–æ –æ —á—ë–º, —Å–ª–æ–≤–∞ –æ—Ç –Ω–µ—ë –Ω–µ –¥–æ–±—å—ë—à—å—Å—è. –ü–æ—Ç–æ–º—É –∏ —Å–∏–¥–µ–ª–∞ –∏–∑ –≥–æ–¥–∞ –≤ –≥–æ–¥ –æ–¥–Ω–∞ –Ω–∞ –ø–æ—Å–ª–µ–¥–Ω–µ–π –ø–∞—Ä—Ç–µ, —ç—Ç–∞–∫–∞—è —Ç–∏—Ö–æ–Ω—è —Å –∫–Ω–∏–∂–∫–æ–π, —Ç–≤—ë—Ä–¥–∞—è —Ç—Ä–æ–µ—á–Ω–∏—Ü–∞, –Ω–∏—á–µ–º –æ—Å–æ–±—ã–º –Ω–µ–ø—Ä–∏–º–µ—Ç–Ω–∞—è. 

 –í–æ—Ç —Ç–∞–∫ –æ–¥–Ω–∞–∂–¥—ã –∏ –Ω–µ –∑–∞–º–µ—Ç–∏–ª–∏ –∏ –Ω–µ —É—á–ª–∏, —á—Ç–æ –µ—Å—Ç—å —Ç–∞–∫–∞—è —É—á–µ–Ω–∏—Ü–∞ –¥–µ–≤—è—Ç–æ–≥–æ –∫–ª–∞—Å—Å–∞, –ó–∞–≤—å—è–ª–æ–≤–∞ –í–µ—Ä–∞, –∏ –µ–π —É–∂–µ –∏—Å–ø–æ–ª–Ω–∏–ª–æ—Å—å —à–µ—Å—Ç–Ω–∞–¥—Ü–∞—Ç—å, –∏ –æ–Ω–∞, –º–æ–∂–µ—Ç –±—ã—Ç—å, —Ç–æ–∂–µ —Ö–æ—Ç–µ–ª–∞ –±—ã –ø–æ—Å–ª—É–∂–∏—Ç—å –ø–∞—Ä—Ç–∏–∏ –∏ –Ω–∞—Ä–æ–¥—É –∏ –¥–ª—è –Ω–∞—á–∞–ª–∞ –≤—Å—Ç—É–ø–∏—Ç—å, –∫–∞–∫ –∏ –ø–æ–ª–æ–∂–µ–Ω–æ, –≤ –∫–æ–º—Å–æ–º–æ–ª. 
 –ê–Ω–Ω–∞ –ù–∏–∫–æ–ª–∞–µ–≤–Ω–∞, –¥–æ–∑–Ω–∞–≤—à–∏—Å—å —Ç–æ–≥–¥–∞ –¥–æ –ø—Ä–∏—á–∏–Ω—ã –í–µ—Ä–∫–∏–Ω–æ–π –æ—Å–æ–±–µ–Ω–Ω–æ–π —Ö–º—É—Ä–æ—Å—Ç–∏, –¥–æ–ª–≥–æ –º–æ–ª—á–∞–ª–∞, –∏ –ª–∏—à—å –ø–æ–∑–¥–Ω–æ –≤–µ—á–µ—Ä–æ–º, –∑–∞–∫—Ä—ã–≤–∞—è –Ω–∞ –∫–ª—é—á –≤–≤–µ—Ä–µ–Ω–Ω–æ–µ –µ–π —É—á—Ä–µ–∂–¥–µ–Ω–∏–µ, –≥—Ä—É—Å—Ç–Ω–æ –æ–±—Ä–æ–Ω–∏–ª–∞: 
- –£ –∫–∞–∂–¥–æ–≥–æ —Å–≤–æ—è –¥–æ—Ä–æ–≥–∞, –í–µ—Ä–æ—á–∫–∞, –∏ —Ç–∞, –ø–æ –∫–æ—Ç–æ—Ä–æ–π –∏–¥—É—Ç —Ç–æ–ª–ø–æ–π –∏ —Å –ø–µ—Å–Ω—è–º–∏, –¥–∞–ª–µ–∫–æ –Ω–µ –≤—Å–µ–≥–¥–∞ —Å–∞–º–∞—è –≤–µ—Ä–Ω–∞—è. 
 - –ê –∫–∞–∫–∞—è –≤–µ—Ä–Ω–∞—è, –ê–Ω–Ω–∞ –ù–∏–∫–æ–ª–∞–µ–≤–Ω–∞? –ù–µ—É–∂–µ–ª–∏ —Ç–∞, –ø–æ –∫–æ—Ç–æ—Ä–æ–π –±—Ä–µ–¥—ë—à—å –æ–¥–Ω–∞ –∏ —Å–æ —Å–ª–µ–∑–∞–º–∏ –Ω–∞ –≥–ª–∞–∑–∞—Ö? 
 - –ú–æ–∂–µ—Ç –±—ã—Ç—å –∏ —Ç–∞–∫, –í–µ—Ä–æ—á–∫–∞. 

–í–æ–∑–º–æ–∂–Ω–æ, –í–µ—Ä–∫–∞ –∏ –∑–∞–±—ã–ª–∞ –±—ã –æ–± —ç—Ç–æ–º —Ä–∞–∑–≥–æ–≤–æ—Ä–µ, –Ω–æ –Ω–∞–∑–∞–≤—Ç—Ä–∞ –ê–Ω–Ω–∞ –ù–∏–∫–æ–ª–∞–µ–≤–Ω–∞ –¥–æ—Å—Ç–∞–ª–∞ –∏–∑ —Å—Ç–æ–ª–∞ —Ç–æ–ª—Å—Ç—É—é –∫–Ω–∏–≥—É, –Ω–∞ –∫–æ—Ç–æ—Ä–æ–π –∑–æ–ª–æ—Ç–∏–ª–∏—Å—å –Ω–µ—Ä—É—Å—Å–∫–∏–µ –±—É–∫–≤—ã. 
 - ¬´–í–æ–π–Ω–∞ –∏ –º–∏—Ä¬ª, —Ñ—Ä–∞–Ω—Ü—É–∑—Å–∫–æ–µ –∏–∑–¥–∞–Ω–∏–µ 1909 –≥–æ–¥–∞. –ü–∞–º—è—Ç—å. –í—Å—ë —á—Ç–æ –∏ –æ—Å—Ç–∞–ª–æ—Å—å, –í–µ—Ä–æ—á–∫–∞. 
 –ê–Ω–Ω–∞ –ù–∏–∫–æ–ª–∞–µ–≤–Ω–∞ –≤—ã–Ω—É–ª–∞ –∏–∑ –≥–ª—É–±–∏–Ω—ã —Å—Ç—Ä–∞–Ω–∏—Ü —Å—Ç–∞—Ä—É—é, –¥–∞–≤–Ω–æ –ø–æ—Ç—É—Å–∫–Ω–µ–≤—à—É—é —Ñ–æ—Ç–æ–≥—Ä–∞—Ñ–∏—é. 
- –ú–æ–π –∂–µ–Ω–∏—Ö, –∫–Ω—è–∑—å –ü—ë—Ç—Ä –ê—Ñ–∞–Ω–∞—Å—å–µ–≤–∏—á –°–æ–∫–æ–ª—å—Å–∫–∏–π. 
–í–µ—Ä–∫–∞ –¥–æ–ª–≥–æ —Ä–∞–∑–≥–ª—è–¥—ã–≤–∞–ª–∞ —á—É—Ç—å –Ω–∞–¥–º–µ–Ω–Ω–æ–µ, –µ—â—ë –º–∞–ª—å—á–∏—à–µ—Å–∫–æ–µ –ª–∏—Ü–æ ‚Äì —Ç–æ–Ω–∫–∏–π —Å –µ–ª–µ –ø—Ä–∏–º–µ—Ç–Ω–æ–π –≥–æ—Ä–±–∏–Ω–∫–æ–π –Ω–æ—Å, –Ω–∞—Å–º–µ—à–ª–∏–≤—ã–π –≤–∑–≥–ª—è–¥, –º–∞–ª—é—Å–µ–Ω—å–∫–∏–µ —É—Å–∏–∫–∏. 
- –ö–Ω—è–∑—å –ü—ë—Ç—Ä –ê—Ñ–∞–Ω–∞—Å—å–µ–≤–∏—á –°–æ–∫–æ–ª—å—Å–∫–∏–π, - —Ç–∏—Ö–æ –ø–æ–≤—Ç–æ—Ä–∏–ª–∞ –í–µ—Ä–∫–∞, –≤—Å—Ç—Ä–µ–≤–æ–∂–µ–Ω–æ –ø–æ—Å–º–æ—Ç—Ä–µ–ª–∞ –Ω–∞ –ê–Ω–Ω—É –ù–∏–∫–æ–ª–∞–µ–≤–Ω—É –∏ —à—ë–ø–æ—Ç–æ–º —Å–ø—Ä–æ—Å–∏–ª–∞, - —ç–ø–æ–ª–µ—Ç—ã, —Ä–µ–º–Ω–∏, –æ–Ω —á—Ç–æ, —Å–ª—É–∂–∏–ª –Ω–µ –≤ –ö—Ä–∞—Å–Ω–æ–π –∞—Ä–º–∏–∏? 
 - –ö–Ω—è–∑—å –°–æ–∫–æ–ª—å—Å–∫–∏–π - —á–µ–ª–æ–≤–µ–∫ —á–µ—Å—Ç–∏, –í–µ—Ä–æ—á–∫–∞, –æ–Ω –ø–æ—à—ë–ª —Ç–æ–π –¥–æ—Ä–æ–≥–æ–π, –∫–æ—Ç–æ—Ä—É—é —Å—á–∏—Ç–∞–ª –µ–¥–∏–Ω—Å—Ç–≤–µ–Ω–Ω–æ –≤–µ—Ä–Ω–æ–π –∏ –ø—Ä–∞–≤–∏–ª—å–Ω–æ–π. 
 - –ê‚Ä¶ –æ–Ω –≥–¥–µ? –ü–æ–≥–∏–±? –î–∞? 
 - –ù–µ—Ç, –Ω–µ—Ç, —á—Ç–æ –≤—ã, –í–µ—Ä–æ—á–∫–∞, –º—ã –ø—Ä–æ—Å—Ç–æ –ø–æ—Ç–µ—Ä—è–ª–∏ –¥—Ä—É–≥ –¥—Ä—É–≥–∞, —ç—Ç–æ –±—ã–ª–æ —Ç–∞–∫ –ª–µ–≥–∫–æ –≤ –¥–µ–≤—è—Ç–Ω–∞–¥—Ü–∞—Ç–æ–º –≥–æ–¥—É. 
- –ò –≤—ã –Ω–∏—á–µ–≥–æ –æ –Ω—ë–º –Ω–µ –∑–Ω–∞–µ—Ç–µ? –°–æ–≤—Å–µ–º? 
 - –ù–æ –≤–µ–¥—å –∂–∏–∑–Ω—å –Ω–µ –æ–∫–æ–Ω—á–µ–Ω–∞, –≤—Å—ë –µ—â—ë –º–æ–∂–µ—Ç —Å–ª—É—á–∏—Ç—å—Å—è. 
 - –ê –∫–∞–∫ –∂–µ –í–∞—Å–∏–ª–∏–π –°—Ç–µ–ø–∞–Ω–æ–≤–∏—á? –í—ã –ª—é–±–∏–ª–∏ –µ–≥–æ? 
 - –í–∏–¥–∏—Ç–µ –ª–∏, –í–µ—Ä–æ—á–∫–∞, –í–∞—Å–∏–ª–∏–π –°—Ç–µ–ø–∞–Ω–æ–≤–∏—á –±—ã–ª –Ω–µ—Å—á–∞—Å—Ç–µ–Ω, –æ–¥–∏–Ω–æ–∫ –∏ –±–æ–ª–µ–Ω. –ï–º—É –Ω—É–∂–Ω–∞ –±—ã–ª–∞ –ø–æ–¥–¥–µ—Ä–∂–∫–∞ –∏ –∑–∞—â–∏—Ç–∞, –≤–æ—Ç –∏ –ø—Ä–∏—à–ª–æ—Å—å –≤—ã–π—Ç–∏ –∑–∞ –Ω–µ–≥–æ –∑–∞–º—É–∂. 
- –ó–Ω–∞—á–∏—Ç –≤—ã... –ò–∑ –∂–∞–ª–æ—Å—Ç–∏ —Å –Ω–∏–º? 
–ê–Ω–Ω–∞ –ù–∏–∫–æ–ª–∞–µ–≤–Ω–∞ –ø–æ–º–æ–ª—á–∞–ª–∞, –≥—Ä—É—Å—Ç–Ω–æ —É–ª—ã–±–Ω—É–ª–∞—Å—å –∏, –Ω–µ –≥–ª—è–¥—è –Ω–∞ –í–µ—Ä–∫—É, —Ç–∏—Ö–æ —Å–∫–∞–∑–∞–ª–∞: 
- –ñ–∞–ª–æ—Å—Ç—å –∏ —Å–æ—Å—Ç—Ä–∞–¥–∞–Ω–∏–µ –≤–ø–æ–ª–Ω–µ –ø–ª–æ–¥–æ—Ä–æ–¥–Ω–∞—è –ø–æ—á–≤–∞, –í–µ—Ä–æ—á–∫–∞, –Ω–∞ –Ω–µ–π –º–æ–∂–Ω–æ –≤—ã—Ä–∞—Å—Ç–∏—Ç—å —Ç—ë–ø–ª–æ–µ —á—É–≤—Å—Ç–≤–æ –Ω–µ–∂–Ω–æ–π –≤–∑–∞–∏–º–Ω–æ–π –ø—Ä–∏–≤—è–∑–∞–Ω–Ω–æ—Å—Ç–∏. 
 
–ó–∏–º–Ω–∏–µ –Ω–æ—á–∏ –¥–ª–∏–Ω–Ω—ã–µ, —Å—Ç—ã–ª—ã–µ. –°–ª—ã—à–Ω–æ, –∫–∞–∫ —Ö—Ä—É—Å—Ç–∏—Ç —Å–Ω–µ–≥ –ø–æ–¥ —à–∞–≥–∞–º–∏ –∑–∞–ø–æ–∑–¥–∞–≤—à–µ–≥–æ –ø—Ä–æ—Ö–æ–∂–µ–≥–æ, –∏–∑—Ä–µ–¥–∫–∞ –≥–æ—Ä–µ—Å—Ç–Ω–æ –≤–∑–ª–∞–∏–≤–∞–µ—Ç —Å–æ–±–∞–∫–∞, –¥–∞ –≥–¥–µ-—Ç–æ –¥–∞–ª–µ–∫–æ –±–µ–≥—É—Ç –∏ —à—É–º—è—Ç –ø–æ–µ–∑–¥–∞. –û–¥–∏–Ω–æ–∫–∞—è –∑–≤–µ–∑–¥–∞, –ø—Ä–æ–±—Ä–∞–≤—à–∏—Å—å —Å–∫–≤–æ–∑—å —Å–µ—Ä—ã–µ –≥–ª—ã–±—ã —Å–Ω–µ–∂–Ω—ã—Ö —Ç—É—á, —Å –ª—é–±–æ–ø—ã—Ç—Å—Ç–≤–æ–º –∑–∞–≥–ª—è–¥—ã–≤–∞–µ—Ç –≤ –í–µ—Ä–∫–∏–Ω–æ –æ–∫–æ—à–∫–æ, —Å–ª–∞–±–æ –º–µ—Ä—Ü–∞—è –∑–∞ –ø–æ–¥—ë—Ä–Ω—É—Ç—ã–º —Ç–æ–Ω–∫–æ–π –Ω–∞–ª–µ–¥—å—é —Å—Ç–µ–∫–ª–æ–º. –í–µ—Ä–∫–µ –Ω–µ —Å–ø–∏—Ç—Å—è. 
- –°—Ç—Ä–∞–Ω–Ω–æ, ‚Äì –¥—É–º–∞–µ—Ç –æ–Ω–∞, - —á—É–≤—Å—Ç–≤–æ –Ω–µ–∂–Ω–æ–π –≤–∑–∞–∏–º–Ω–æ–π –ø—Ä–∏–≤—è–∑–∞–Ω–Ω–æ—Å—Ç–∏... –ë–µ–∑–Ω–æ–≥–∏–π, –≤–µ—á–Ω–æ –ø—å—è–Ω—ã–π –í–∞—Å–∏–ª–∏–π –°—Ç–µ–ø–∞–Ω–æ–≤–∏—á... –ò –∫–Ω—è–∑—å –°–æ–∫–æ–ª—å—Å–∫–∏–π. –ß–µ–ª–æ–≤–µ–∫ —á–µ—Å—Ç–∏! –ù–∏—á–µ–≥–æ –Ω–µ –ø–æ–Ω—è—Ç—å... 
 
 –ù–µ–∑–∞–¥–æ–ª–≥–æ –¥–æ –ù–æ–≤–æ–≥–æ –≥–æ–¥–∞ —Ä–∞–∑—ã–≥—Ä–∞–ª–∏—Å—å, —Ä–∞–∑–±—É—è–Ω–∏–ª–∏—Å—å –º–µ—Ç–µ–ª–∏. –ö–∞–ª—ë–Ω—ã–π –∫–æ–ª—é—á–∏–π –≤–µ—Ç–µ—Ä –∑–ª–æ–±–Ω–æ —Ç—Ä—É–¥–∏–ª—Å—è, –∑–∞–≤—ã–≤–∞—è –≤ –±–µ—à–µ–Ω–æ–º —Ç–∞–Ω—Ü–µ, –∑–∞–º–µ—Ç–∞–ª –ø–æ—Å–µ–ª–∫–æ–≤—ã–µ –¥–æ—Ä–æ–∂–∫–∏ –∏ —Ç—Ä–æ–ø–∏–Ω–∫–∏, –∑–∞–∫–∏–¥—ã–≤–∞–ª –ø—Ä–∏–≥–æ—Ä—à–Ω–∏ —Å–Ω–µ–≥–∞ –≤ —Ç–µ–ø–ª–æ –æ—Å–≤–µ—â—ë–Ω–Ω—ã–µ –æ–∫–Ω–∞ —à–∫–æ–ª—ã, –ø—Ä–æ–±–∏—Ä–∞–ª –Ω–∞—Å–∫–≤–æ–∑—å —Å—Ç–∞—Ä–µ–Ω—å–∫—É—é —à—É–±–µ–π–∫—É, –∫–æ–≤–∞—Ä–Ω–æ —Ö–≤–∞—Ç–∞–ª –∑–∞ —â—ë–∫–∏, —Ç–æ–ª–∫–∞–ª –≤ —Å–ø–∏–Ω—É, –Ω–æ—Ä–æ–≤—è —Å–ø–∏—Ö–Ω—É—Ç—å –í–µ—Ä–∫—É –≤ —Å—É–≥—Ä–æ–±. –û–∑—è–±—à–∞—è –í–µ—Ä–∫–∞ —Å —Ç—Ä—É–¥–æ–º –ø—Ä–æ—Ç–∏—Å–Ω—É–ª–∞—Å—å —Å–∫–≤–æ–∑—å –≥–æ–º–æ–Ω—è—â—É—é –Ω–∞ —à–∫–æ–ª—å–Ω–æ–º –∫—Ä—ã–ª—å—Ü–µ —Ç–æ–ª–ø—É —Ä–µ–±—è—Ç–Ω–∏, –ø–æ—Ç–æ–ø–∞–ª–∞ –≤–∞–ª–µ–Ω–∫–∞–º–∏, —Å—Ç–∞—Ä–∞—è—Å—å —Å—Ç—Ä—è—Ö–Ω—É—Ç—å —Å–Ω–µ–≥, –∏, —Ä–∞–¥–æ—Å—Ç–Ω–æ –ø–µ—Ä–µ–≤–æ–¥—è –¥—É—Ö, –ø–æ–±–µ–∂–∞–ª–∞ –≤ –∫–ª–∞—Å—Å. 

 –ü–æ—Å—Ç—Ä–µ–ª–∏–≤–∞–ª–∏, –ø–æ—Ç—Ä–µ—Å–∫–∏–≤–∞–ª–∏, —Å–æ—Ä—è –∏—Å–∫–æ—Ä–∫–∞–º–∏, –¥—Ä–æ–≤–∞ –≤ —É—Ç—Ä–æ–±–µ –ø–µ—á–∫–∏-–≥–æ–ª–ª–∞–Ω–¥–∫–∏, —á—É—Ç—å –ø—Ä–∏–º–µ—Ç–Ω–æ –¥–æ–Ω–æ—Å–∏–ª—Å—è –∏–∑ —à–∫–æ–ª—å–Ω–æ–≥–æ –±—É—Ñ–µ—Ç–∞ –Ω–µ–∂–Ω—ã–π –∞—Ä–æ–º–∞—Ç —Å–≤–µ–∂–µ–∏—Å–ø–µ—á—ë–Ω–Ω—ã—Ö –≤–∞—Ç—Ä—É—à–µ–∫, –∏ —Å—É—Ä–æ–≤—ã–µ –∫–ª–∞—Å—Å–∏–∫–∏ –≤ —Ç—è–∂—ë–ª—ã—Ö —Ä–∞–º–∞—Ö —Å–Ω–∏—Å—Ö–æ–¥–∏—Ç–µ–ª—å–Ω–æ –≤–∑–∏—Ä–∞–ª–∏ —Å–æ —Å—Ç–µ–Ω –Ω–∞ –æ—Ç–æ–≥—Ä–µ–≤—à–∏—Ö—Å—è, —Ä–∞–∑–æ–º–ª–µ–≤—à–∏—Ö –≤ —Ç–µ–ø–ª–µ —É—á–µ–Ω–∏–∫–æ–≤. –í–µ—Ä–∫–∞ —Ä–∞—Å—Å–µ—è–Ω–Ω–æ —Ä–∏—Å–æ–≤–∞–ª–∞ –Ω–∞ –ø—Ä–æ–º–æ–∫–∞—à–∫–µ –∑–∞–º—ã—Å–ª–æ–≤–∞—Ç—ã–µ —É–∑–æ—Ä—ã, –Ω–µ–≤–Ω–∏–º–∞—Ç–µ–ª—å–Ω–æ —Å–ª—É—à–∞–ª–∞ –º–æ–ª–æ–¥–µ–Ω—å–∫—É—é, —Å—Ç–∞—Ä–∞—Ç–µ–ª—å–Ω—É—é —É—á–∏—Ç–µ–ª—å–Ω–∏—Ü—É, –∏–∑—Ä–µ–¥–∫–∞ –ø–æ–≥–ª—è–¥—ã–≤–∞—è –≤ –æ–∫–Ω–æ, –≥–¥–µ –≤ —Ä–∞—Å—Å–≤–µ—Ç–Ω—ã—Ö —Å–µ—Ä—ã—Ö —Å—É–º–µ—Ä–∫–∞—Ö –ø–æ-–ø—Ä–µ–∂–Ω–µ–º—É –≥–ª—É—Ö–æ –∏ –±–µ–∑–Ω–∞–¥—ë–∂–Ω–æ –±–µ—Å–∏–ª–∞—Å—å –º–µ—Ç–µ–ª—å. 
 –ù–µ–æ–∂–∏–¥–∞–Ω–Ω–æ, —Å —Ä–µ–∑–∫–∏–º —Å—Ç—É–∫–æ–º —Ä–∞—Å–ø–∞—Ö–Ω—É–ª–∞—Å—å –¥–≤–µ—Ä—å, –∏ –≤ –∫–ª–∞—Å—Å –±—ã—Å—Ç—Ä—ã–º–∏ —Ä–µ—à–∏—Ç–µ–ª—å–Ω—ã–º–∏ —à–∞–≥–∞–º–∏ –≤–æ—à–ª–∞ –ø–æ–∂–∏–ª–∞—è, —Ç—É—á–Ω–∞—è, –≤–µ—á–Ω–æ —Å–µ—Ä–¥–∏—Ç–∞—è –¥–∏—Ä–µ–∫—Ç—Ä–∏—Å–∞, —Å—Ç—Ä–æ–≥–æ –æ–≥–ª—è–¥–µ–ª–∞ –∏–∑-–ø–æ–¥ –æ—á–∫–æ–≤ –Ω–µ—Å—Ç—Ä–æ–π–Ω—ã–µ —Ä–µ–±—è—á—å–∏ —Ä—è–¥—ã –∏ –æ—Å—Ç–∞–Ω–æ–≤–∏–ª–∞ –≤–∑–≥–ª—è–¥ –Ω–∞ –í–µ—Ä–∫–µ: 
 - –ó–∞–≤—å—è–ª–æ–≤–∞, –≤—ã–π–¥–∏ –≤–æ –¥–≤–æ—Ä. –ö —Ç–µ–±–µ –ø—Ä–∏—à–ª–∏. 
–í–µ—Ä–∫–∞ –æ—Ç —É–¥–∏–≤–ª–µ–Ω–∏—è –¥–∞–∂–µ –Ω–µ —Å—Ä–∞–∑—É —Å–æ–æ–±—Ä–∞–∑–∏–ª–∞, —á—Ç–æ —ç—Ç–æ –æ–Ω–∞ ‚Äì –ó–∞–≤—å—è–ª–æ–≤–∞, –∏ –∫—Ç–æ-—Ç–æ —Ç—Ä–µ–±—É–µ—Ç —Å –Ω–µ–π - —É—á–µ–Ω–∏—Ü–µ–π 9- –≥–æ ¬´–ë¬ª –∫–ª–∞—Å—Å–∞ - –Ω–µ–º–µ–¥–ª–µ–Ω–Ω–æ–π –≤—Å—Ç—Ä–µ—á–∏. 

–û–Ω–∞ —Å–±–µ–∂–∞–ª–∞ –ø–æ —Å—Ç—É–ø–µ–Ω—å–∫–∞–º, –ø–æ—Ç—è–Ω—É–ª–∞ –Ω–∞ —Å–µ–±—è —Ç—è–∂—ë–ª—É—é —à–∫–æ–ª—å–Ω—É—é –¥–≤–µ—Ä—å –∏ –æ—Å—Ç–∞–Ω–æ–≤–∏–ª–∞—Å—å. –í –±–µ—Ä–µ–∂–Ω–æ –∑–∞–ª–∞—Ç–∞–Ω–Ω–æ–π –≤–æ–µ–Ω–Ω–æ–π –≥–∏–º–Ω–∞—Å—Ç—ë—Ä–∫–µ, —Å–∏—è—è –≤ –¥–≤–∞ —Ä—è–¥–∞ –Ω–∞—á–∏—â–µ–Ω–Ω—ã–º–∏ –º–µ–¥–∞–ª—è–º–∏ –∏ –æ—Ä–¥–µ–Ω–∞–º–∏, —Ç—è–∂–µ–ª–æ —Å–≥–æ—Ä–±–∏–≤ —Å–ø–∏–Ω—É, –ø–æ —Ä–∞—Å—á–∏—â–µ–Ω–Ω–æ–π –Ω–µ–¥–∞–≤–Ω–æ —Ç—Ä–æ–ø–∏–Ω–∫–µ –∫ –Ω–µ–π –∫–∞—Ç–∏–ª –í–∞—Å–∏–ª–∏–π –°—Ç–µ–ø–∞–Ω–æ–≤–∏—á –ó–∞—Ö–∞—Ä–æ–≤. 
 –í–µ—Ä–∫–∞ –ø—Ä–æ—à–ª–∞ –Ω–µ—Å–∫–æ–ª—å–∫–æ —à–∞–≥–æ–≤ –µ–º—É –Ω–∞–≤—Å—Ç—Ä–µ—á—É –∏ –∑–∞–º–µ—Ä–ª–∞, –ø–æ—á—É–≤—Å—Ç–≤–æ–≤–∞–≤, –∫–∞–∫ –≥—É–ª–∫–æ –∏ –±–æ–ª—å–Ω–æ —Å—Ç—É–∫–Ω—É–ª–æ –≤ –≥—Ä—É–¥–∏. 
–°—Ç–µ–ø–∞–Ω—ã—á —Å—Ç—è–Ω—É–ª —Å –≥–æ–ª–æ–≤—ã —Å—Ç–∞—Ä—É—é, —Å –µ–ª–µ –≤–∏–¥–Ω–æ–π –≤–º—è—Ç–∏–Ω–æ–π –æ—Ç –∑–≤–µ–∑–¥—ã, —à–∞–ø–∫—É, –ø–æ–¥–Ω—è–ª –Ω–∞ –í–µ—Ä–∫—É —Å—Ç—Ä–æ–≥–∏–µ, —Å—É—Ö–∏–µ –≥–ª–∞–∑–∞. 
- –ù–æ—á—å—é. –°–µ—Ä–¥—Ü–µ –Ω–µ –≤—ã–¥–µ—Ä–∂–∞–ª–æ. 
 –ü—Ä–æ—Ç—è–Ω—É–ª –¥—Ä–æ–∂–∞—â–µ–π —Ä—É–∫–æ–π –∫–Ω–∏–≥—É, —Ç—É —Å–∞–º—É—é ‚Äì —Å –∑–æ–ª–æ—Ç–∏—Å—Ç—ã–º–∏ –Ω–µ—Ä—É—Å—Å–∫–∏–º–∏ –±—É–∫–≤–∞–º–∏, —Ç—Ä—É–¥–Ω–æ, —Å–æ –≤—Å—Ö–ª–∏–ø–æ–º –≤–∑–¥–æ—Ö–Ω—É–ª. 
- –û–Ω–∞ –µ—â—ë –¥–æ–ª–≥–æ –∂–∏–ª–∞ ‚Äì —á–∞—Å–∞ —Ç—Ä–∏, –≤—Å—ë –º—É—á–∏–ª–∞—Å—å, –∏ –≤–æ—Ç ‚Äì –≤–µ–ª–µ–ª–∞ –≤–∞–º –ø–µ—Ä–µ–¥–∞—Ç—å. 
- –ö–∞–∫ –∂–µ? ‚Äì –ø—Ä–æ—à–µ–ø—Ç–∞–ª–∞ –í–µ—Ä–∫–∞, - –æ–Ω–∞ –∂–µ –Ω–∏–∫–æ–≥–¥–∞ –Ω–∏—á–µ–º –Ω–µ –±–æ–ª–µ–ª–∞. 
- –í–µ—Å—Ç–æ—á–∫—É –ø–æ–ª—É—á–∏–ª–∞... –û—Ç—Ç—É–¥–∞. –û–Ω –ø–æ–≥–∏–± –≤ —Å–æ—Ä–æ–∫ —á–µ—Ç–≤—ë—Ä—Ç–æ–º, –≤ –ø–∞—Ä–∏–∂—Å–∫–æ–º –≥–µ—Å—Ç–∞–ø–æ... –§—Ä–∞–Ω—Ü—É–∑—Å–∫–æ–µ —Å–æ–ø—Ä–æ—Ç–∏–≤–ª–µ–Ω–∏–µ. 
–°—Ç–µ–ø–∞–Ω—ã—á –ø–æ–º–æ–ª—á–∞–ª, –≤—ã–Ω—É–ª –∏–∑ –∫–∞—Ä–º–∞–Ω–∞ —Å–ª–æ–∂–µ–Ω–Ω—ã–π –≤ –Ω–µ—Å–∫–æ–ª—å–∫–æ —Ä–∞–∑, –º–æ—Ö–Ω–∞—Ç—ã–π –ø–æ –∫—Ä–∞—è–º –ª–∏—Å—Ç–æ–∫, –ø–æ–¥—É–º–∞–ª –∏ –ø—Ä–æ—Ç—è–Ω—É–ª –µ–≥–æ –í–µ—Ä–∫–µ. 
- –≠—Ç–æ —Ç–æ–∂–µ –≤–∞–º. 
 –ü–æ–≤–µ—Ä–Ω—É–ª—Å—è –∏, —Å–∏–ª—å–Ω–æ –æ—Ç—Ç–∞–ª–∫–∏–≤–∞—è—Å—å, –∑–∞—Å–∫—Ä–∏–ø–µ–≤ —Ç–µ–ª–µ–∂–∫–æ–π, –ø–æ—Å–ø–µ—à–∏–ª –ø—Ä–æ—á—å. 
 –ó–ª–∏–ª–∞—Å—å –º–µ—Ç–µ–ª—å, —è—Ä–æ—Å—Ç–Ω–æ –∑–∞–º–µ—Ç–∞–ª–∞ —Å–ª–µ–¥—ã –º–∞–ª–µ–Ω—å–∫–∏—Ö –¥—Ä–µ–±–µ–∑–∂–∞—â–∏—Ö –∫–æ–ª—ë—Å–∏–∫–æ–≤, –±–µ–∑–∂–∞–ª–æ—Å—Ç–Ω–æ —à–≤—ã—Ä—è–ª–∞ —Å–Ω–µ–≥ –Ω–∞ —Å–≥–æ—Ä–±–ª–µ–Ω–Ω—ã–µ –ø–ª–µ—á–∏ –≥–≤–∞—Ä–¥–∏–∏ —Å—Ç–∞—Ä—à–∏–Ω—ã –í–∞—Å–∏–ª–∏—è –°—Ç–µ–ø–∞–Ω–æ–≤–∏—á–∞ –ó–∞—Ö–∞—Ä–æ–≤–∞. 
 –í–µ—Ä–∫–∞ —Å–º–æ—Ç—Ä–µ–ª–∞ –µ–º—É –≤—Å–ª–µ–¥, –ø—Ä–∏–∂–∞–≤ –∫ –≥—Ä—É–¥–∏ —Å—Ç–∞—Ä—É—é –∫–Ω–∏–≥—É –≤ —Å–∏–Ω–µ–º –ø–æ—Ç—ë—Ä—Ç–æ–º –ø–µ—Ä–µ–ø–ª—ë—Ç–µ, –∏ –Ω–µ –∑–∞–º–µ—á–∞–ª–∞ —Å—Ç—É–∂–∏, –Ω–µ –∑–∞–º–µ—á–∞–ª–∞ –∑–∞—Å—Ç—ã–≤–∞—é—â–∏—Ö –Ω–∞ —â–µ–∫–∞—Ö —Å–æ–ª—ë–Ω—ã—Ö –ª—å–¥–∏–Ω–æ–∫. 
 
 –ù–∞ –ø–æ–∂–µ–ª—Ç–µ–≤—à–µ–º, —Ö—Ä—É–ø–∫–æ–º –æ—Ç –≤—Ä–µ–º–µ–Ω–∏ –ª–∏—Å—Ç–æ—á–∫–µ, —Å–æ—Ö—Ä–∞–Ω–∏–ª–∏—Å—å –µ–ª–µ –≤–∏–¥–Ω—ã–µ, –Ω–∞–ø–∏—Å–∞–Ω–Ω—ã–µ —Å–∏–Ω–∏–º–∏ —á–µ—Ä–Ω–∏–ª–∞–º–∏ —Å–ª–æ–≤–∞: 
¬´ –î—É—à–∞ –º–æ—è, –ª—é–±–æ–≤—å –º–æ—è, –ê–Ω–µ—á–∫–∞‚Ä¶¬ª 
 
–ê –Ω–∞ –ø–µ—Ä–≤–æ–π —Å—Ç—Ä–∞–Ω–∏—Ü–µ —Ñ—Ä–∞–Ω—Ü—É–∑—Å–∫–æ–≥–æ –∏–∑–¥–∞–Ω–∏—è ¬´–í–æ–π–Ω—ã –∏ –º–∏—Ä–∞¬ª –í–µ—Ä–∫–∞ –ø—Ä–æ—á–ª–∞ –Ω–µ—Ä–æ–≤–Ω—ã–µ –ø—Ä—ã–≥–∞—é—â–∏–µ —Å—Ç—Ä–æ–∫–∏: 
 
""–ú–∏–ª–æ–º—É –¥—Ä—É–≥—É –í–µ—Ä–æ—á–∫–µ. 
 –° –Ω–∞–¥–µ–∂–¥–æ–π –∏ –ª—é–±–æ–≤—å—é. 
 
–ê–Ω–Ω–∞ –ù–∏–∫–æ–ª–∞–µ–≤–Ω–∞ –ò–ª—å–∏–Ω–∞. 23 –¥–µ–∫–∞–±—Ä—è 1965 –≥–æ–¥–∞.""

–õ—é–±–æ–≤—å –ê–ª–∞—Ñ–µ—Ä–æ–≤–∞",post,{'count': 27592},
"[{'type': 'photo', 'photo': {'album_id': -7, 'date': 1753253818, 'id': 457242544, 'owner_id': -185468447, 'access_key': 'fe907e2ce06820b7fc', 'post_id': 5365, 'sizes': [{'height': 96, 'type': 's', 'width': 72, 'url': 'https://sun9-64.userapi.com/s/v1/ig2/74cWPlKYrmiq3Tl-pVzGkrIPj81ZWSOPfwl3aCM9unaKrNaiemT7E_l0MPXkyoFOsLQ1EJgoSsyEbH_1LrqfV9XA.jpg?quality=95&as=32x43,48x64,72x96,108x143,160x213,240x319,360x478,480x638,540x717,640x850,720x957,1080x1435&from=bu&cs=72x0'}, {'height': 213, 'type': 'm', 'width': 160, 'url': 'https://sun9-64.userapi.com/s/v1/ig2/74cWPlKYrmiq3Tl-pVzGkrIPj81ZWSOPfwl3aCM9unaKrNaiemT7E_l0MPXkyoFOsLQ1EJgoSsyEbH_1LrqfV9XA.jpg?quality=95&as=32x43,48x64,72x96,108x143,160x213,240x319,360x478,480x638,540x717,640x850,720x957,1080x1435&from=bu&cs=160x0'}, {'height': 850, 'type': 'x', 'width': 640, 'url': 'https://sun9-64.userapi.com/s/v1/ig2/74cWPlKYrmiq3Tl-pVzGkrIPj81ZWSOPfwl3aCM9unaKrNaiemT7E_l0MPXkyoFOsLQ1EJgoSsyEbH_1LrqfV9XA.jpg?quality=95&as=32x43,48x64,72x96,108x143,160x213,240x319,360x478,480x638,540x717,640x850,720x957,1080x1435&from=bu&cs=640x0'}, {'height': 1435, 'type': 'y', 'width': 1080, 'url': 'https://sun9-64.userapi.com/s/v1/ig2/74cWPlKYrmiq3Tl-pVzGkrIPj81ZWSOPfwl3aCM9unaKrNaiemT7E_l0MPXkyoFOsLQ1EJgoSsyEbH_1LrqfV9XA.jpg?quality=95&as=32x43,48x64,72x96,108x143,160x213,240x319,360x478,480x638,540x717,640x850,720x957,1080x1435&from=bu&cs=1080x0'}, {'height': 1435, 'type': 'z', 'width': 1080, 'url': 'https://sun9-64.userapi.com/s/v1/ig2/74cWPlKYrmiq3Tl-pVzGkrIPj81ZWSOPfwl3aCM9unaKrNaiemT7E_l0MPXkyoFOsLQ1EJgoSsyEbH_1LrqfV9XA.jpg?quality=95&as=32x43,48x64,72x96,108x143,160x213,240x319,360x478,480x638,540x717,640x850,720x957,1080x1435&from=bu&cs=1080x0'}, {'height': 143, 'type': 'o', 'width': 108, 'url': 'https://sun9-64.userapi.com/s/v1/ig2/74cWPlKYrmiq3Tl-pVzGkrIPj81ZWSOPfwl3aCM9unaKrNaiemT7E_l0MPXkyoFOsLQ1EJgoSsyEbH_1LrqfV9XA.jpg?quality=95&as=32x43,48x64,72x96,108x143,160x213,240x319,360x478,480x638,540x717,640x850,720x957,1080x1435&from=bu&cs=108x0'}, {'height': 319, 'type': 'p', 'width': 240, 'url': 'https://sun9-64.userapi.com/s/v1/ig2/74cWPlKYrmiq3Tl-pVzGkrIPj81ZWSOPfwl3aCM9unaKrNaiemT7E_l0MPXkyoFOsLQ1EJgoSsyEbH_1LrqfV9XA.jpg?quality=95&as=32x43,48x64,72x96,108x143,160x213,240x319,360x478,480x638,540x717,640x850,720x957,1080x1435&from=bu&cs=240x0'}, {'height': 478, 'type': 'q', 'width': 360, 'url': 'https://sun9-64.userapi.com/s/v1/ig2/74cWPlKYrmiq3Tl-pVzGkrIPj81ZWSOPfwl3aCM9unaKrNaiemT7E_l0MPXkyoFOsLQ1EJgoSsyEbH_1LrqfV9XA.jpg?quality=95&as=32x43,48x64,72x96,108x143,160x213,240x319,360x478,480x638,540x717,640x850,720x957,1080x1435&from=bu&cs=360x0'}, {'height': 717, 'type': 'r', 'width': 540, 'url': 'https://sun9-64.userapi.com/s/v1/ig2/74cWPlKYrmiq3Tl-pVzGkrIPj81ZWSOPfwl3aCM9unaKrNaiemT7E_l0MPXkyoFOsLQ1EJgoSsyEbH_1LrqfV9XA.jpg?quality=95&as=32x43,48x64,72x96,108x143,160x213,240x319,360x478,480x638,540x717,640x850,720x957,1080x1435&from=bu&cs=540x0'}, {'height': 1435, 'type': 'base', 'width': 1080, 'url': 'https://sun9-64.userapi.com/s/v1/ig2/74cWPlKYrmiq3Tl-pVzGkrIPj81ZWSOPfwl3aCM9unaKrNaiemT7E_l0MPXkyoFOsLQ1EJgoSsyEbH_1LrqfV9XA.jpg?quality=95&as=32x43,48x64,72x96,108x143,160x213,240x319,360x478,480x638,540x717,640x850,720x957,1080x1435&from=bu'}], 'text': '', 'user_id': 100, 'web_view_token': 'c1888659f6490cd852', 'has_tags': False, 'orig_photo': {'height': 1435, 'type': 'base', 'url': 'https://sun9-64.userapi.com/s/v1/ig2/74cWPlKYrmiq3Tl-pVzGkrIPj81ZWSOPfwl3aCM9unaKrNaiemT7E_l0MPXkyoFOsLQ1EJgoSsyEbH_1LrqfV9XA.jpg?quality=95&as=32x43,48x64,72x96,108x143,160x213,240x319,360x478,480x638,540x717,640x850,720x957,1080x1435&from=bu', 'width': 1080}}}]",,,"{'can_post': 1, 'count': 0, 'groups_can_post': True}",,,,1753358160,{'is_donut': False},,,-185468447,,5395,wall_wallpost,"{'can_like': 1, 'count': 2, 'user_likes': 0, 'can_publish': 1, 'repost_disabled': False}",0,,-185468447,"{'platform': 'android', 'type': 'api'}",post,"{'count': 0, 'user_reposted': 0}",,–ù–∞—à–∞ –ø—É—à–∏—Å—Ç–∞—è –ø–æ–¥–¥–µ—Ä–∂–∫–∞ –≤—Å–µ–≥–¥–∞ —Ä—è–¥–æ–º.,post,{'count': 133},
"[{'type': 'photo', 'photo': {'album_id': -7, 'date': 1753344036, 'id': 457302031, 'owner_id': -90264460, 'access_key': '3fd9048b97c4f30ba0', 'post_id': 233914, 'sizes': [{'height': 57, 'type': 's', 'width': 72, 'url': 'https://sun9-28.userapi.com/s/v1/if2/1kK1gC7ejQYSMOnHQDWyEIy7zD-wePH_M1UsyMGL_A7qy3NN7nXDK2JwB2jr3t3mOn1d-9dAec3LxW0xeEtRB52w.jpg?quality=96&as=32x25,48x38,72x57,108x86,160x127,240x191,360x286,480x381,540x429,640x508,680x540&from=bu&cs=72x0'}, {'height': 127, 'type': 'm', 'width': 160, 'url': 'https://sun9-28.userapi.com/s/v1/if2/1kK1gC7ejQYSMOnHQDWyEIy7zD-wePH_M1UsyMGL_A7qy3NN7nXDK2JwB2jr3t3mOn1d-9dAec3LxW0xeEtRB52w.jpg?quality=96&as=32x25,48x38,72x57,108x86,160x127,240x191,360x286,480x381,540x429,640x508,680x540&from=bu&cs=160x0'}, {'height': 508, 'type': 'x', 'width': 640, 'url': 'https://sun9-28.userapi.com/s/v1/if2/1kK1gC7ejQYSMOnHQDWyEIy7zD-wePH_M1UsyMGL_A7qy3NN7nXDK2JwB2jr3t3mOn1d-9dAec3LxW0xeEtRB52w.jpg?quality=96&as=32x25,48x38,72x57,108x86,160x127,240x191,360x286,480x381,540x429,640x508,680x540&from=bu&cs=640x0'}, {'height': 540, 'type': 'y', 'width': 680, 'url': 'https://sun9-28.userapi.com/s/v1/if2/1kK1gC7ejQYSMOnHQDWyEIy7zD-wePH_M1UsyMGL_A7qy3NN7nXDK2JwB2jr3t3mOn1d-9dAec3LxW0xeEtRB52w.jpg?quality=96&as=32x25,48x38,72x57,108x86,160x127,240x191,360x286,480x381,540x429,640x508,680x540&from=bu&cs=680x0'}, {'height': 86, 'type': 'o', 'width': 108, 'url': 'https://sun9-28.userapi.com/s/v1/if2/1kK1gC7ejQYSMOnHQDWyEIy7zD-wePH_M1UsyMGL_A7qy3NN7nXDK2JwB2jr3t3mOn1d-9dAec3LxW0xeEtRB52w.jpg?quality=96&as=32x25,48x38,72x57,108x86,160x127,240x191,360x286,480x381,540x429,640x508,680x540&from=bu&cs=108x0'}, {'height': 191, 'type': 'p', 'width': 240, 'url': 'https://sun9-28.userapi.com/s/v1/if2/1kK1gC7ejQYSMOnHQDWyEIy7zD-wePH_M1UsyMGL_A7qy3NN7nXDK2JwB2jr3t3mOn1d-9dAec3LxW0xeEtRB52w.jpg?quality=96&as=32x25,48x38,72x57,108x86,160x127,240x191,360x286,480x381,540x429,640x508,680x540&from=bu&cs=240x0'}, {'height': 286, 'type': 'q', 'width': 360, 'url': 'https://sun9-28.userapi.com/s/v1/if2/1kK1gC7ejQYSMOnHQDWyEIy7zD-wePH_M1UsyMGL_A7qy3NN7nXDK2JwB2jr3t3mOn1d-9dAec3LxW0xeEtRB52w.jpg?quality=96&as=32x25,48x38,72x57,108x86,160x127,240x191,360x286,480x381,540x429,640x508,680x540&from=bu&cs=360x0'}, {'height': 429, 'type': 'r', 'width': 540, 'url': 'https://sun9-28.userapi.com/s/v1/if2/1kK1gC7ejQYSMOnHQDWyEIy7zD-wePH_M1UsyMGL_A7qy3NN7nXDK2JwB2jr3t3mOn1d-9dAec3LxW0xeEtRB52w.jpg?quality=96&as=32x25,48x38,72x57,108x86,160x127,240x191,360x286,480x381,540x429,640x508,680x540&from=bu&cs=540x0'}, {'height': 540, 'type': 'base', 'width': 680, 'url': 'https://sun9-28.userapi.com/s/v1/if2/1kK1gC7ejQYSMOnHQDWyEIy7zD-wePH_M1UsyMGL_A7qy3NN7nXDK2JwB2jr3t3mOn1d-9dAec3LxW0xeEtRB52w.jpg?quality=96&as=32x25,48x38,72x57,108x86,160x127,240x191,360x286,480x381,540x429,640x508,680x540&from=bu'}], 'text': '', 'user_id': 100, 'web_view_token': '078b0ed8b7686020ef', 'has_tags': False, 'orig_photo': {'height': 540, 'type': 'base', 'url': 'https://sun9-28.userapi.com/s/v1/if2/1kK1gC7ejQYSMOnHQDWyEIy7zD-wePH_M1UsyMGL_A7qy3NN7nXDK2JwB2jr3t3mOn1d-9dAec3LxW0xeEtRB52w.jpg?quality=96&as=32x25,48x38,72x57,108x86,160x127,240x191,360x286,480x381,540x429,640x508,680x540&from=bu', 'width': 680}}}]",,,"{'can_post': 1, 'count': 6}",,,,1753344037,{'is_donut': False},,,-90264460,,233914,wall_wallpost,"{'can_like': 1, 'count': 47, 'user_likes': 0, 'can_publish': 1, 'repost_disabled': False}",0,,-90264460,{'type': 'api'},post,"{'count': 31, 'user_reposted': 0}",,"–ñ–µ–Ω—â–∏–Ω–∞ ‚Äî –∏—Å—Ç–æ—á–Ω–∏–∫ –±–ª–∞–≥–∞ –≤ —Å–µ–º—å–µ.

–ñ–µ–Ω—â–∏–Ω—É-–∂–µ–Ω—É, –∂–µ–Ω—â–∏–Ω—É-–º–∞—Ç—å –Ω–∞–∑—ã–≤–∞—é—Ç –¥–æ–±—Ä–æ–π —Ñ–µ–µ–π —Å–µ–º—å–∏. –ò —ç—Ç–æ –ø—Ä–æ–∏—Å—Ö–æ–¥–∏—Ç —Ç–æ–ª—å–∫–æ —Ç–æ–≥–¥–∞, –∫–æ–≥–¥–∞ —á–∞—à–∞ –∂–µ–Ω—Å–∫–æ–≥–æ —Å–µ—Ä–¥—Ü–∞ –Ω–∞–ø–æ–ª–Ω–µ–Ω–∞ –Ω–µ–∫—Ç–∞—Ä–æ–º –∂–µ–Ω—Å—Ç–≤–µ–Ω–Ω–æ–π –¥–æ–±—Ä–æ—Ç—ã; –µ–µ –º—ã—à–ª–µ–Ω–∏–µ –∏–∑–ª—É—á–∞–µ—Ç —Å–≤–µ—Ç —Å–æ–ª–Ω–µ—á–Ω–æ–≥–æ –º–∏—Ä–æ–ª—é–±–∏—è –∏ —Å–µ—Ä–¥–µ—á–Ω–æ–π –ª—é–±–≤–∏, –∞ –µ–µ –∂–µ–Ω—Å–∫–∏–µ —É–º–µ–ª—ã–µ —Ä—É–∫–∏ —Å —Ä–∞–¥–æ—Å—Ç—å—é –ø—Ä–æ–∏–∑–≤–æ–¥—è—Ç –≤ –¥–æ–º–µ —Ä–∏—Ç—É–∞–ª –ø—Ä–æ—è–≤–ª–µ–Ω–∏—è –∑–∞–±–æ—Ç—ã. –ñ–µ–Ω—â–∏–Ω–∞ —Å–æ–∑–¥–∞–Ω–∞ –∫–∞–∫ –∏—Å—Ç–æ—á–Ω–∏–∫ —Ä–æ–∂–¥–µ–Ω–∏—è –Ω–µ —Ç–æ–ª—å–∫–æ –¥–µ—Ç–µ–π, –Ω–æ –∏ –±–ª–∞–≥–∞ –≤ —Å–µ–º—å–µ. –ö–∞–∫ —ç—Ç–æ –ø—Ä–æ–∏—Å—Ö–æ–¥–∏—Ç? 

–ü–æ —Å–≤–æ–µ–π –ø—Ä–∏—Ä–æ–¥–µ –æ–Ω–∞ –Ω–∞–¥–µ–ª–µ–Ω–∞ —Å–æ–∑–∏–¥–∞—Ç–µ–ª—å–Ω–æ–π –≤–æ–ª—à–µ–±–Ω–æ–π —Å–∏–ª–æ–π –≤–¥–æ—Ö–Ω–æ–≤–µ–Ω–∏—è, –Ω–æ –≤–æ—Å–ø–æ–ª—å–∑–æ–≤–∞—Ç—å—Å—è –æ–Ω–∞ –µ—é –º–æ–∂–µ—Ç, —Ç–æ–ª—å–∫–æ –ø–µ—Ä–µ–¥–∞–≤ —ç—Ç—É —Å–∏–ª—É –º—É–∂—á–∏–Ω–µ. –†–µ–±–µ–Ω–∫—É –º–∞—Ç—å –¥–∞–µ—Ç –∂–∏–∑–Ω—å, –≤—ã–Ω–æ—Å–∏–≤ –µ–≥–æ –¥–µ–≤—è—Ç—å –º–µ—Å—è—Ü–µ–≤ –≤ —Å–≤–æ–µ–º –ª–æ–Ω–µ, –∞ –∑–∞—Ç–µ–º —Ä–æ–¥–∏–≤ –µ–≥–æ. –ü–æ —ç—Ç–æ–π –∂–∏–∑–Ω–µ–Ω–Ω–æ–π —Å—Ö–µ–º–µ –∂–µ–Ω–∞ (–º–∞—Ç—å) –≤—ã–Ω–∞—à–∏–≤–∞–µ—Ç –≤ —Å–≤–æ–µ–º –º—ã—à–ª–µ–Ω–∏–∏ –∏ —á—É–≤—Å—Ç–≤–∞—Ö —Å–∏–ª—É –≤–¥–æ—Ö–Ω–æ–≤–µ–Ω–∏—è –Ω–∞ —É—Å–ø–µ—à–Ω–æ—Å—Ç—å –∏ —É–≤–µ—Ä–µ–Ω–Ω–æ—Å—Ç—å –≤ —Å–µ–±–µ –º—É–∂–∞, —Å—ã–Ω–∞. –¢–∞–∫–∏–º –æ–±—Ä–∞–∑–æ–º, –∂–µ–Ω—â–∏–Ω–∞ —Å–ª—É–∂–∏—Ç –Ω–µ —Ç–æ–ª—å–∫–æ –º—É–∂—É, —Å–µ–º—å–µ, –Ω–æ –∏ —Å–µ–±–µ. –†—É–∫–∞–º–∏ –º—É–∂—á–∏–Ω—ã –æ–Ω–∞ –≤ —Å–≤–æ–π –¥–æ–º –ø—Ä–∏–Ω–æ—Å–∏—Ç —É—Å–ø–µ—Ö, –±–æ–≥–∞—Ç—Å—Ç–≤–æ, —Å—á–∞—Å—Ç—å–µ, –Ω–æ, —á—Ç–æ–±—ã —ç—Ç–æ –ø—Ä–æ–∏–∑–æ—à–ª–æ, –æ–Ω–∞ –¥–æ–ª–∂–Ω–∞ –æ—Ç–¥–∞—Ç—å –µ–º—É —Å–≤–æ—é —Å–∏–ª—É –≤–¥–æ—Ö–Ω–æ–≤–ª—è—é—â–∏—Ö –º—ã—Å–ª–µ–π, —á—É–≤—Å—Ç–≤, —Å–ª–æ–≤ –∏ –¥–µ–π—Å—Ç–≤–∏–π. 

–í –∂–µ–Ω—Å–∫–æ–º —Å–ª—É–∂–µ–Ω–∏–∏ –º—É–∂—É –∑–∞–ª–æ–∂–µ–Ω –±–æ–ª—å—à–æ–π –º–∞–≥–∏—á–µ—Å–∫–∏–π —Å–º—ã—Å–ª, –∫–æ—Ç–æ—Ä—ã–π –∏–º–µ–µ—Ç –Ω–µ—Å–∫–æ–ª—å–∫–æ —Å–µ–∫—Ä–µ—Ç–æ–≤-—É—Å–ª–æ–≤–∏–π –¥–ª—è —Å–≤–æ–µ–≥–æ –æ—Å—É—â–µ—Å—Ç–≤–ª–µ–Ω–∏—è. –°–∏–ª–∞ –∂–µ–Ω—Å–∫–æ–≥–æ –≤–¥–æ—Ö–Ω–æ–≤–µ–Ω–∏—è —Ç–≤–æ—Ä–∏—Ç —É—Å–ø–µ—à–Ω–æ—Å—Ç—å –º—É–∂—á–∏–Ω—ã —Ç–æ–ª—å–∫–æ —Ç–æ–≥–¥–∞, –∫–æ–≥–¥–∞ —É–º –∂–µ–Ω—â–∏–Ω—ã —á–∏—Å—Ç –ø–æ –æ—Ç–Ω–æ—à–µ–Ω–∏—é –∫ –Ω–µ–º—É. –≠—Ç–æ –æ–∑–Ω–∞—á–∞–µ—Ç, —á—Ç–æ –∂–µ–Ω—â–∏–Ω–∞ –¥–æ–ª–∂–Ω–∞ –±—ã—Ç—å –æ—á–µ–Ω—å –±–ª–∏–∑–∫–∏–º –¥—Ä—É–≥–æ–º –¥–ª—è –º—É–∂—á–∏–Ω—ã. –û–Ω–∞ –¥–æ–ª–∂–Ω–∞ –≤—ã—Å–ª—É—à–∏–≤–∞—Ç—å –≤—Å–µ –µ–≥–æ –ø—Ä–æ–±–ª–µ–º—ã, –≤–¥–æ—Ö–Ω–æ–≤–ª—è—Ç—å, —É–∫—Ä–µ–ø–ª—è—è –µ–≥–æ —É–≤–µ—Ä–µ–Ω–Ω–æ—Å—Ç—å –≤ —Å–≤–æ–∏—Ö —Å–∏–ª–∞—Ö, –∏ –≤—Å–µ–≥–¥–∞ –æ—Ç–¥–∞–≤–∞—Ç—å –µ–º—É —ç–Ω—Ç—É–∑–∏–∞–∑–º. 

–ü–æ—á–µ–º—É —É –º–Ω–æ–≥–∏—Ö –∂–µ–Ω—â–∏–Ω —ç—Ç–æ –Ω–µ –ø–æ–ª—É—á–∞–µ—Ç—Å—è —Å–¥–µ–ª–∞—Ç—å? –î–∞ –ø–æ—Ç–æ–º—É, —á—Ç–æ —Å–∏–ª—ã —Å–≤–æ–µ–≥–æ –≤–¥–æ—Ö–Ω–æ–≤–µ–Ω–∏—è –æ–Ω–∞ –æ—Ç–¥–∞–µ—Ç –æ—Å—É–∂–¥–µ–Ω–∏—è–º —Å–≤–æ–µ–≥–æ –º—É–∂–∞. –£–∑–Ω–∞–≤ –æ –µ–≥–æ –æ—á–µ—Ä–µ–¥–Ω–æ–π –ø—Ä–æ–±–ª–µ–º–µ, –æ–Ω–∞ —Å–æ—Ç–Ω–∏ —Ä–∞–∑ –≤ —Å–≤–æ–µ–º —É–º–µ, –∞ –∑–∞—Ç–µ–º –≤ —Ä–∞–∑–≥–æ–≤–æ—Ä–∞—Ö —Å –º–∞–º–æ–π, —Å–µ—Å—Ç—Ä–æ–π, –ø–æ–¥—Ä—É–≥–æ–π, —á–∞—Å—Ç–æ –¥–∞–∂–µ —Å —á—É–∂–∏–º —á–µ–ª–æ–≤–µ–∫–æ–º –≤ —Ç—Ä–∞–Ω—Å–ø–æ—Ä—Ç–µ –Ω–∞–∑—ã–≤–∞–µ—Ç –º—É–∂–∞ –Ω–µ—É–¥–∞—á–Ω–∏–∫–æ–º. –ï—Å—Ç—å —Å–ª–æ–≤–∞-—É–±–∏–π—Ü—ã. –°–ª–æ–≤–æ ¬´–Ω–µ—É–¥–∞—á–Ω–∏–∫¬ª –ª–æ–º–∞–µ—Ç –º—É–∂—á–∏–Ω —Ç–∞–∫–∂–µ –ª–µ–≥–∫–æ, –∫–∞–∫ –±—É—Ä—è —Å –∫–æ—Ä–Ω–µ–º –ª–µ–≥–∫–æ –≤—ã—Ä—ã–≤–∞–µ—Ç –º–Ω–æ–≥–æ–ª–µ—Ç–Ω–µ–µ –¥–µ—Ä–µ–≤–æ. 

–≠–Ω–µ—Ä–≥–∏—è –Ω–∞—à–∏—Ö –Ω–µ–¥–æ–±—Ä—ã—Ö –º—ã—Å–ª–µ–π –∏ —Å–ª–æ–≤ –Ω–∞—Ö–æ–¥–∏—Ç –æ–±–≤–∏–Ω—è–µ–º–æ–≥–æ –∏ –æ–≥–Ω–µ–Ω–Ω–æ–π —Å—Ç—Ä–µ–ª–æ–π –≤–æ–Ω–∑–∞–µ—Ç—Å—è –≤ –µ–≥–æ —Å–µ—Ä–¥—Ü–µ. –ú—É–∂, –æ –∫–æ—Ç–æ—Ä–æ–º –Ω–µ—É–≤–∞–∂–∏—Ç–µ–ª—å–Ω–æ –¥—É–º–∞–µ—Ç –∂–µ–Ω–∞, —Ç–µ—Ä—è–µ—Ç —É–≤–∞–∂–µ–Ω–∏–µ —Å–æ—Å–ª—É–∂–∏–≤—Ü–µ–≤ –Ω–∞ —Ä–∞–±–æ—Ç–µ. –û–Ω–∞ –æ–±–µ—Å—Ç–æ—á–∏–≤–∞–µ—Ç –µ–≥–æ, –∑–∞–±–∏—Ä–∞–µ—Ç –µ–≥–æ –∂–∏–∑–Ω–µ–Ω–Ω—ã–µ —Å–∏–ª—ã, –¥–µ–π—Å—Ç–≤–∏—Ç–µ–ª—å–Ω–æ –¥–µ–ª–∞–µ—Ç –Ω–µ—É–¥–∞—á–Ω–∏–∫–æ–º. ¬´–ú—É–∂, –∫–æ—Ç–æ—Ä—ã–π –ø–æ –∫–∞–∫–∏–º-—Ç–æ –º–æ—Ç–∏–≤–∞–º –ø—Ä–æ–¥–æ–ª–∂–∞–µ—Ç –∂–∏—Ç—å —Å –∂–µ–Ω–æ–π, –∫–æ—Ç–æ—Ä–∞—è –ø—Ä–µ–∑–∏—Ä–∞–µ—Ç –µ–≥–æ, –ø—Ä–æ–∫–ª—è—Ç –Ω–∞ —Ä–∞–Ω–Ω—é—é —Å–º–µ—Ä—Ç—å¬ª, ‚Äî —Ç–∞–∫ –Ω–∞–ø–∏—Å–∞–Ω–æ –≤ –≤–µ–¥–∏—á–µ—Å–∫–∏—Ö –∑–Ω–∞–Ω–∏—è—Ö. –°–æ–ª–æ–º–æ–Ω, –∞–≤—Ç–æ—Ä –º—É–¥—Ä—ã—Ö –¥—Ä–µ–≤–Ω–µ–µ–≤—Ä–µ–π—Å–∫–∏—Ö –∫–Ω–∏–≥, –ø–∏—Å–∞–ª: ¬´–Ø–∑—ã–∫ –æ–±–ª–∞–¥–∞–µ—Ç –≤–ª–∞—Å—Ç—å—é –∂–∏–∑–Ω–∏ –∏ —Å–º–µ—Ä—Ç–∏¬ª. –ö —Å–æ–∂–∞–ª–µ–Ω–∏—é, –º–Ω–æ–≥–∏–µ —Å–µ–º–µ–π–Ω—ã–µ –ø–∞—Ä—ã —Ç–∞–∫ –∏ –Ω–µ –ø–æ–Ω—è–ª–∏ –æ–≥—Ä–æ–º–Ω—É—é —Å–∏–ª—É –≤–µ—Ä–±–∞–ª—å–Ω–æ–π –ø–æ–¥–¥–µ—Ä–∂–∫–∏ –¥—Ä—É–≥ –¥—Ä—É–≥–∞. 

–ü—Å–∏—Ö–æ–ª–æ–≥ –£–∏–ª—å—è–º –î–∂–µ–π–º—Å —Å–∫–∞–∑–∞–ª, —á—Ç–æ —Å–∞–º–æ–π –±–æ–ª—å—à–æ–π –ø–æ—Ç—Ä–µ–±–Ω–æ—Å—Ç—å—é —á–µ–ª–æ–≤–µ–∫–∞, —Å–∫–æ—Ä–µ–µ –≤—Å–µ–≥–æ, —è–≤–ª—è–µ—Ç—Å—è –ø–æ—Ç—Ä–µ–±–Ω–æ—Å—Ç—å –≤ –æ–¥–æ–±—Ä–µ–Ω–∏–∏. –ñ–µ–Ω—Å—Ç–≤–µ–Ω–Ω–∞—è –∂–µ–Ω—â–∏–Ω–∞ –Ω–µ—Å–µ—Ç –≤ —Å–µ–±–µ –æ–≥—Ä–æ–º–Ω—ã–µ —Å–∏–ª—ã –¥–æ–±—Ä–æ–≥–æ –≤–¥–æ—Ö–Ω–æ–≤–µ–Ω–∏—è, –ø–æ—Ç–æ–º—É —á—Ç–æ –∏–∑–ª—É—á–∞–µ—Ç –ª—é–±–æ–≤—å –∏ —É–≤–∞–∂–µ–Ω–∏–µ, –∞ –Ω–µ –∑–ª–æ. ¬´–ë–µ—Å–ø–æ–∫–æ–π–Ω–æ–µ —Å–µ—Ä–¥—Ü–µ –ø—Ä–∏–≥–∏–±–∞–µ—Ç —á–µ–ª–æ–≤–µ–∫–∞ –∫ –∑–µ–º–ª–µ, –Ω–æ –¥–æ–±—Ä–æ–µ —Å–ª–æ–≤–æ —Ä–∞—Å–ø—Ä—è–º–ª—è–µ—Ç –µ–≥–æ¬ª, ‚Äî —ç—Ç–∏ —Å–ª–æ–≤–∞ —Ç–æ–∂–µ –ø—Ä–∏–Ω–∞–¥–ª–µ–∂–∞—Ç –º—É–¥—Ä–µ—Ü—É –°–æ–ª–æ–º–æ–Ω—É. –ù–æ –∏ –±–µ–∑ —Ñ–∏–ª–æ—Å–æ—Ñ—Å–∫–∏—Ö —Ä–∞–∑–º—ã—à–ª–µ–Ω–∏–π –¥–ª—è –∫–∞–∂–¥–æ–≥–æ –∏–∑ –Ω–∞—Å —Ñ–∞–∫—Ç–æ–º —è–≤–ª—è–µ—Ç—Å—è —Ç–æ, —á—Ç–æ, –ø–æ–ª—É—á–∏–≤ —Å–ª–æ–≤–∞ –æ–¥–æ–±—Ä–µ–Ω–∏—è, –Ω–∞–º –≥–æ—Ä–∞–∑–¥–æ –±–æ–ª—å—à–µ —Ö–æ—á–µ—Ç—Å—è –æ—Ç–≤–µ—Ç–∏—Ç—å –Ω–∞ –ø–æ–¥–æ–±–Ω—ã–µ –¥–µ–π—Å—Ç–≤–∏—è –≤–∑–∞–∏–º–Ω–æ—Å—Ç—å—é. 

–¶–µ–ª—å –ª—é–±–≤–∏ –Ω–µ –≤ —Ç–æ–º, —á—Ç–æ–±—ã –ø–æ–ª—É—á–∏—Ç—å —Ç–æ, —á—Ç–æ –≤—ã —Ö–æ—Ç–∏—Ç–µ, –∞ –≤ —Ç–æ–º, —á—Ç–æ–±—ã –¥–µ–ª–∞—Ç—å —á—Ç–æ-–ª–∏–±–æ –Ω–∞ –±–ª–∞–≥–æ —Ç–æ–≥–æ, –∫–æ–≥–æ –≤—ã –ª—é–±–∏—Ç–µ. –ü—Ä–∏–Ω—è–≤ —ç—Ç–æ, –º—ã –ø–æ–π–º–µ–º, –Ω–∞ –∫–∞–∫–æ–º —Ñ—É–Ω–¥–∞–º–µ–Ω—Ç–µ —Å—Ç—Ä–æ–∏—Ç—Å—è —Å–µ–º–µ–π–Ω–æ–µ —Å—á–∞—Å—Ç—å–µ. –≠—Ç–æ –Ω–∞ —É—Ä–æ–≤–Ω–µ –ø–æ–¥—Å–æ–∑–Ω–∞–Ω–∏—è –ø–æ–Ω–∏–º–∞–µ—Ç –∂–µ–Ω—Å—Ç–≤–µ–Ω–Ω–∞—è –∂–µ–Ω—â–∏–Ω–∞. –û–Ω–∞, –ø—Ä–æ—è–≤–ª—è—è –±–ª–∞–≥–æ—Ä–æ–¥—Å—Ç–≤–æ, –±—É–¥–µ—Ç –æ–¥–∞—Ä–∏–≤–∞—Ç—å —Å–≤–æ–µ–≥–æ –º—É–∂–∞ —Å–∏–ª–æ–π —Å–≤–æ–∏—Ö –ø–æ–ª–æ–∂–∏—Ç–µ–ª—å–Ω—ã—Ö —É–≤–∞–∂–∏—Ç–µ–ª—å–Ω—ã—Ö –º—ã—Å–ª–µ–π –æ –Ω–µ–º. –ò –æ–Ω–∞ –ø–æ–∂–Ω–µ—Ç —Å–æ –≤—Ä–µ–º–µ–Ω–µ–º —É—Ä–æ–∂–∞–π –±–ª–∞–≥–æ—Å—Ç–Ω–æ–≥–æ –æ—Ç–Ω–æ—à–µ–Ω–∏—è –∫ —Å–µ–±–µ. 

–î–æ–±—Ä–æ–∂–µ–ª–∞—Ç–µ–ª—å–Ω–æ–µ –æ—Ç–Ω–æ—à–µ–Ω–∏–µ –∫ –º—É–∂—É ‚Äî —ç—Ç–æ —Ç–∞ –∑–æ–ª–æ—Ç–∞—è –∂–∏–ª–∞, –∫–æ—Ç–æ—Ä–æ–π –º—É–¥—Ä–∞—è –∂–µ–Ω–∞ –æ–±—è–∑–∞—Ç–µ–ª—å–Ω–æ –≤–æ—Å–ø–æ–ª—å–∑—É–µ—Ç—Å—è. –û–Ω–∞ –≤—Å–µ–≥–¥–∞ –±—É–¥–µ—Ç –∂–µ–ª–∞—Ç—å –µ–º—É –±–ª–∞–≥–∞ –∏ –≥–æ–≤–æ—Ä–∏—Ç—å –µ–º—É –ø—Ä–∏—è—Ç–Ω—ã–µ —Å–ª–æ–≤–∞. –ï—Å–ª–∏ –º—É–∂—á–∏–Ω–∞ –≥—Ä—É–± –ø–æ –ø—Ä–∏—Ä–æ–¥–µ, –µ–≥–æ –≥—Ä—É–±–æ—Å—Ç—å –∞–≤—Ç–æ–º–∞—Ç–∏—á–µ—Å–∫–∏ –Ω–µ –∫–æ—Å–Ω–µ—Ç—Å—è –∂–µ–Ω—ã, –µ—Å–ª–∏ –æ–Ω–∞ –∂–µ–ª–∞–µ—Ç –µ–º—É –¥–æ–±—Ä–∞ –∏ —É–∫—Ä–µ–ø–ª—è–µ—Ç –µ–≥–æ –¥–æ—Å—Ç–æ–∏–Ω—Å—Ç–≤–æ. –ì—Ä—É–±–æ—Å—Ç—å –º–æ–∂–µ—Ç –∫–æ—Å–Ω—É—Ç—å—Å—è –≤—Å–µ—Ö, —Ç–æ–ª—å–∫–æ –Ω–µ –µ—ë. –û–Ω –Ω–∞ –∫–æ–≥–æ —É–≥–æ–¥–Ω–æ –±—É–¥–µ—Ç –∑–ª–∏—Ç—å—Å—è, –∫–æ–º—É —É–≥–æ–¥–Ω–æ –≥—Ä—É–±–∏—Ç—å, —Å –∫–µ–º —É–≥–æ–¥–Ω–æ –≤—ã—è—Å–Ω—è—Ç—å –æ—Ç–Ω–æ—à–µ–Ω–∏—è, —Ç–æ–ª—å–∫–æ –Ω–µ —Å —É–≤–∞–∂–∞—é—â–µ–π –µ–≥–æ –∂–µ–Ω–æ–π. 

–î–ª—è –ø–æ–¥—Ç–≤–µ—Ä–∂–¥–µ–Ω–∏—è —ç—Ç–æ–≥–æ —Ä–∞—Å—Å–∫–∞–∂—É –æ —Å–≤–æ–∏—Ö —Å–æ—Å–µ–¥—è—Ö –ø–æ –¥–∞—á–µ. –í–∞—Å–∏–ª–∏–π —É–∂–µ –º—É–∂—á–∏–Ω–∞ –≤ –≤–æ–∑—Ä–∞—Å—Ç–µ, —Ç—Ä—É–¥–æ–ª—é–±–∏–≤—ã–π –∏ –æ—Ç–º–µ–Ω–Ω—ã–π —Ö–æ–∑—è–∏–Ω, –Ω–æ –º–∞—Ç–µ—Ä—â–∏–∫ —Å—Ç—Ä–∞—à–Ω—ã–π –∏ –≤ –æ–∫—Ä—É–≥–µ –ø—Ä–æ—Å–ª—ã–ª –≥—Ä—É–±–∏—è–Ω–æ–º. –£—Å–ª—ã—à–∞–≤, –∫–∞–∫ –æ–Ω –≤ –æ—á–µ—Ä–µ–¥–Ω–æ–π —Ä–∞–∑ —Ä—É–≥–∞–µ—Ç—Å—è —Å —Å–æ—Å–µ–¥–æ–º, –ø–æ—Ç–æ–º—É —á—Ç–æ –µ–≥–æ —Å–æ–±–∞–∫–∞ –ª–∞–µ—Ç –ø–æ –Ω–æ—á–∞–º, —è –ø–æ–¥—É–º–∞–ª–∞: 
¬´–ù–µ—Å—á–∞—Å—Ç–Ω–∞—è –ù–∏–Ω–∞ –°–µ–º–µ–Ω–æ–≤–Ω–∞, –∫–∞–∫ –º–æ–∂–Ω–æ –∂–∏—Ç—å —Ä—è–¥–æ–º —Å —Ç–∞–∫–∏–º –∑–ª—ã–º —á–µ–ª–æ–≤–µ–∫–æ–º¬ª. –ù–æ –≤ —ç—Ç–æ –≤—Ä–µ–º—è –Ω–∞ –∫—Ä—ã–ª—å—Ü–æ –≤—ã—à–ª–∞ –æ–Ω–∞ —Å–∞–º–∞ –∏ –ª–∞—Å–∫–æ–≤—ã–º –≥–æ–ª–æ—Å–æ–º –ø–æ–∑–≤–∞–ª–∞ –º—É–∂–∞: ‚Äì –í–∞—Å–∏–ª–µ–∫, –∏–¥–∏ –≤ –¥–æ–º, —Ä–æ–¥–Ω–æ–π, —É–∂–∏–Ω —É–∂–µ –Ω–∞ —Å—Ç–æ–ª–µ. 

–Ø –Ω–∞—Å—Ç–æ–ª—å–∫–æ –±—ã–ª–∞ —É–¥–∏–≤–ª–µ–Ω–∞, —á—Ç–æ –¥–∞–∂–µ –∏–∑-–∑–∞ –∑–∞–±–æ—Ä–∞ –≤—ã–≥–ª—è–Ω—É–ª–∞, —á—Ç–æ–±—ã –ø–æ—Å–º–æ—Ç—Ä–µ—Ç—å –Ω–∞ —Ä–µ–∞–∫—Ü–∏—é —Å–æ—Å–µ–¥–∞. –ù–∞ –ª–∏—Ü–µ –í–∞—Å–∏–ª–∏—è –ø–æ—è–≤–∏–ª–∞—Å—å —É–ª—ã–±–∫–∞ –º–æ–ª–æ–¥–æ–≥–æ –≤–ª—é–±–ª–µ–Ω–Ω–æ–≥–æ –º—É–∂—á–∏–Ω—ã. –ì–ª–∞–∑–∞ —Ä–∞–¥–æ—Å—Ç–Ω–æ –∑–∞–±–ª–µ—Å—Ç–µ–ª–∏. –ö–∞–∫ –æ—Ç –Ω–∞–∑–æ–π–ª–∏–≤–æ–π –º—É—Ö–∏, –æ–Ω –æ—Ç–º–∞—Ö–Ω—É–ª—Å—è –æ—Ç —Å–ª–æ–≤ —Å–æ—Å–µ–¥–∞, –ø—Ä–æ–¥–æ–ª–∂–∞–≤—à–µ–≥–æ –∑–∞—â–∏—â–∞—Ç—å —Å–≤–æ—é —Å–æ–±–∞–∫—É, –∏ –ª–∞—Å–∫–æ–≤–æ —Å–∫–∞–∑–∞–ª: 

‚Äì –ë–µ–≥—É, –ù–∏–Ω—É–ª—å! –¢—ã —Å–º–æ—Ç—Ä–∏, –∫–∞–∫–∞—è —Ç—ã —É–º–Ω–∏—Ü–∞ —É –º–µ–Ω—è, –±—ã—Å—Ç—Ä–æ —É–ø—Ä–∞–≤–∏–ª–∞—Å—å. –Ø —Ç—É—Ç —Å–æ—Å–µ–¥—É –º–æ–∑–≥–∏ —á–∏—â—É, –∑–∞ —Ç–æ, —á—Ç–æ –µ–≥–æ —Å–æ–±–∞–∫–∞ —Ç–µ–±–µ —Å–ø–∞—Ç—å –Ω–µ –¥–∞–µ—Ç –ø–æ –Ω–æ—á–∞–º. 
‚Äì –ó–∞—â–∏—Ç–Ω–∏—á–µ–∫ –º–æ–π, –Ω—É, —á—Ç–æ –∂–µ —Ç—ã —Ç–∞–∫ —Ä–∞–∑–≤–æ–ª–Ω–æ–≤–∞–ª—Å—è? –ü—É—Å—Ç—å –ª–∞–µ—Ç —Å–µ–±–µ, –Ω–∞ —Ç–æ –æ–Ω–∞ –∏ —Å–æ–±–∞–∫–∞. –ê —É —Ç–µ–±—è —Å–µ—Ä–¥—Ü–µ –±–æ–ª—å–Ω–æ–µ, –Ω–µ–ª—å–∑—è –µ–≥–æ —Ç—Ä–µ–≤–æ–∂–∏—Ç—å, –í–∞—Å–∏–ª–µ–∫, ‚Äî –Ω–µ–∂–Ω—ã–º –≥–æ–ª–æ—Å–æ–º –ø—Ä–æ–∏–∑–Ω–µ—Å–ª–∞ –ù–∏–Ω–∞ –°–µ–º–µ–Ω–æ–≤–Ω–∞, —Å–ø—É—Å–∫–∞—è—Å—å —Å –∫—Ä—ã–ª—å—Ü–∞ –Ω–∞–≤—Å—Ç—Ä–µ—á—É –º—É–∂–∞. 

–ü–æ–¥–æ—à–ª–∞, –ø–æ–ø—Ä–∞–≤–∏–ª–∞ –≤–æ—Ä–æ—Ç–Ω–∏—á–æ–∫ –Ω–∞ –º—É–∂–Ω–∏–Ω–æ–π —Ä—É–±–∞—à–∫–µ, —É–ª—ã–±–Ω—É–ª–∞—Å—å –µ–º—É –ø–æ-–¥–æ–±—Ä–æ–º—É –∏, –≤–∑—è–≤ –∑–∞ —Ä—É–∫—É, –ø–æ–≤–µ–ª–∞ –≤ –¥–æ–º, –Ω–∞ —Ö–æ–¥—É –ø—Ä–∏–≥–æ–≤–∞—Ä–∏–≤–∞—è: 
‚Äì –û–ª–∞–¥—å–∏ —Å–µ–≥–æ–¥–Ω—è —Å —è–±–ª–æ—á–∫–∞–º–∏, –∫–∞–∫ —Ç—ã –ª—é–±–∏—à—å, —Å–¥–µ–ª–∞–ª–∞. –ü—É—à–∏—Å—Ç—ã–µ –ø–æ–ª—É—á–∏–ª–∏—Å—å, –∞—Ä–æ–º–∞—Ç–Ω—ã–µ. 
‚Äì –•–æ–∑—è—é—à–∫–∞ –º–æ—è, –¥–∞ —è —Å —Ç–≤–æ–∏—Ö —Ä—É–∫, –ª–∞—Å—Ç–æ—á–∫–∞, –∏ –∫—É—Å–æ–∫ –∂–µ–ª–µ–∑–∞ —Å –∞–ø–ø–µ—Ç–∏—Ç–æ–º –≥—Ä—ã–∑—Ç—å –±—É–¥—É,- –∑–∞—Å–º–µ—è–ª—Å—è –í–∞—Å–∏–ª–∏–π. 

–¢–∞–∫, –≤–∑—è–≤—à–∏—Å—å –∑–∞ —Ä—É–∫–∏, –æ–Ω–∏ –∏ –≤–æ—à–ª–∏ –≤ –¥–æ–º. –í—ã–≥–ª—è–¥—ã–≤–∞—è –∏–∑-–∑–∞ –∑–∞–±–æ—Ä–∞, –º—ã, —Å —Å–æ—Å–µ–¥–æ–º —Å –Ω–µ–¥–æ—É–º–µ–Ω–∏–µ–º –ø–æ—Å–º–æ—Ç—Ä–µ–ª–∏ –¥—Ä—É–≥ –Ω–∞ –¥—Ä—É–≥–∞. –í—Å–∫–æ—Ä–µ –ø—Ä–µ–¥—Å—Ç–∞–≤–∏–ª–∞—Å—å –º–Ω–µ –≤–æ–∑–º–æ–∂–Ω–æ—Å—Ç—å –ø–æ–æ–±—â–∞—Ç—å—Å—è —Å –ù–∏–Ω–æ–π –°–µ–º–µ–Ω–æ–≤–Ω–æ–π. –í –æ—Ç–∫—Ä–æ–≤–µ–Ω–Ω–æ–π –±–µ—Å–µ–¥–µ –æ–Ω–∞ —Ä–∞—Å—Å–∫–∞–∑–∞–ª–∞, —á—Ç–æ –≤ —Å—á–∞—Å—Ç—å–µ —Å –º—É–∂–µ–º —É–∂–µ –±–æ–ª—å—à–µ —Å–æ—Ä–æ–∫–∞ –ª–µ—Ç –∂–∏–≤–µ—Ç. –ó–∞ –≤—Å–µ —ç—Ç–æ –≤—Ä–µ–º—è –æ–Ω–∞ —Å –Ω–∏–º –Ω–∏ —Ä–∞–∑—É –Ω–µ –ø–æ—Å—Å–æ—Ä–∏–ª–∞—Å—å. 

‚Äì –ù–∏ —Ä–∞–∑—É –Ω–µ –ø–æ—Å—Å–æ—Ä–∏–ª–∏—Å—å? –ù–æ –≤–µ–¥—å —É –≤–∞—à–µ–≥–æ –º—É–∂–∞ —Ç–∞–∫–æ–π —Å–∫–∞–Ω–¥–∞–ª—å–Ω—ã–π —Ö–∞—Ä–∞–∫—Ç–µ—Ä! ‚Äî –Ω–µ —Å–¥–µ—Ä–∂–∞–≤—à–∏—Å—å, —Å –Ω–µ–¥–æ–≤–µ—Ä–∏–µ–º –ø–µ—Ä–µ—Å–ø—Ä–æ—Å–∏–ª–∞ —è. –ù–∏–Ω–∞ –°–µ–º–µ–Ω–æ–≤–Ω–∞ –¥–æ–±—Ä–æ–¥—É—à–Ω–æ —Ä–∞—Å—Å–º–µ—è–ª–∞—Å—å –∏ —Å —É–ª—ã–±–∫–æ–π –æ–±—ä—è—Å–Ω–∏–ª–∞ –º–Ω–µ: 
‚Äì –ú–æ–π –í–∞—Å–∏–ª–µ–∫ ‚Äî —á—É–¥–µ—Å–Ω—ã–π –º—É–∂ –∏ –æ—Ç–µ—Ü –ø—Ä–µ–∫—Ä–∞—Å–Ω—ã–π. –ó–∞ —á—Ç–æ –∂–µ –º–Ω–µ —Å–∫–∞–Ω–¥–∞–ª–∏—Ç—å —Å –Ω–∏–º? –í—Å–µ –¥–ª—è —Å–µ–º—å–∏ –¥–µ–ª–∞–µ—Ç, –æ–±–æ –º–Ω–µ –∏ –æ –¥–µ—Ç—è—Ö –∑–∞–±–æ—Ç–∏—Ç—Å—è. –î—É—à–∞ —É –Ω–µ–≥–æ —Ç–æ–Ω–∫–∞—è, –ª–µ–≥–∫–æ —Ä–∞–Ω–∏–º–∞—è, –±–µ–∑–æ—Ç—Ü–æ–≤—â–∏–Ω–æ–π –≤—ã—Ä–æ—Å, –ø–æ –ø—Ä–∏–≤—ã—á–∫–µ –µ–µ –≥—Ä—É–±–æ—Å—Ç—å—é –æ—Ç –¥—Ä—É–≥–∏—Ö –∑–∞—â–∏—â–∞–µ—Ç. –ê –µ—Å–ª–∏ –ø–æ-–¥–æ–±—Ä–æ–º—É –∫ –í–∞—Å–∏–ª—å–∫—É –º–æ–µ–º—É –æ—Ç–Ω–æ—Å–∏—Ç—å—Å—è, —É–≤–∞–∂–∞—Ç—å –µ–≥–æ –º—É–∂—Å–∫–æ–µ –º–Ω–µ–Ω–∏–µ, —Ç–æ –ª—É—á—à–µ–≥–æ —á–µ–ª–æ–≤–µ–∫–∞ –≤ —Ü–µ–ª–æ–º –º–∏—Ä–µ –Ω–µ —Å—ã—â–µ—à—å. 

–í —Å–µ–º—å–µ-—Ç–æ –∫–æ–Ω—Ñ–ª–∏–∫—Ç—ã, —á–∞—â–µ –≤—Å–µ–≥–æ, –ø–æ—á–µ–º—É –≤–æ–∑–Ω–∏–∫–∞—é—Ç? –ü–æ—Ç–æ–º—É —á—Ç–æ –∂–µ–Ω—É—à–∫–∞ —Å—á–∏—Ç–∞–µ—Ç —Å–µ–±—è –∏–¥–µ–∞–ª—å–Ω–æ–π, –∞ –º—É–∂–∞ –ø–æ—Å–ª–µ–¥–Ω–∏–º –¥—É—Ä–∞–∫–æ–º –∏–ª–∏ –ø–æ–¥–¥–æ–Ω–∫–æ–º. –ï—Å–ª–∏ –∂–µ–Ω—â–∏–Ω–∞ —Ö–∏—Ç—Ä–∏—Ç, –≤–µ–¥—ë—Ç —Å–µ–±—è –Ω–µ–±–ª–∞–≥–æ—Ä–æ–¥–Ω–æ, –æ—Å—É–∂–¥–∞–µ—Ç –º—É–∂–∞, –ø—É—Å—Ç—å –¥–∞–∂–µ —Å–∫—Ä—ã—Ç–Ω–æ, —Ö–∏—Ç—Ä–∏—Ç –Ω–µ–∑–∞–º–µ—Ç–Ω–æ, –æ–Ω –Ω–∞—á–∏–Ω–∞–µ—Ç –µ–µ –æ–±–º–∞–Ω—ã–≤–∞—Ç—å, –≥—Ä—É–±–∏—Ç—å, –∏—Å–∫–∞—Ç—å –≤ –¥—Ä—É–≥–æ–π –∂–µ–Ω—â–∏–Ω–µ —É–≤–∞–∂–µ–Ω–∏—è –∫ —Å–µ–±–µ. –ö–æ–≥–¥–∞ –∂–µ–Ω—â–∏–Ω–∞ –≤–µ–¥—ë—Ç —Å–µ–±—è –ø—Ä–∞–≤–¥–∏–≤–æ, –æ–Ω–∞ –≤–æ—Å–ø–∏—Ç—ã–≤–∞–µ—Ç –º—É–∂–∞ —Å–≤–æ–µ–π —Å–∏–ª–æ–π –≤–Ω—É—Ç—Ä–µ–Ω–Ω–µ–π, –∞ –Ω–µ –≤–Ω–µ—à–Ω–µ–π. –¢–æ –µ—Å—Ç—å, –æ–Ω–∞ –Ω–µ —Ç–æ–ø–∞–µ—Ç –Ω–æ–≥–æ–π. –ü—Ä–æ—Å—Ç–æ –≤–µ–¥—è —Å–µ–±—è –ø—Ä–∞–≤–¥–∏–≤–æ, –æ–Ω–∞ —É—á–∏—Ç –∏ –º—É–∂–∞ –æ—Ç–Ω–æ—Å–∏—Ç—å—Å—è –∫ –Ω–µ–π —á–µ—Å—Ç–Ω–æ. 

–≠—Ç–æ –º–Ω–µ –º–æ—è –º–∞–º–∞ —Å—ã–∑–º–∞–ª—å—Å—Ç–≤–∞ –≤ –º–æ—é –≥–æ–ª–æ–≤—É –≤–Ω—É—à–∏–ª–∞. –ï–π –º–æ–∂–Ω–æ –≤–µ—Ä–∏—Ç—å ‚Äî –≤ –ª—é–±–≤–∏ –∏ —Å–æ–≥–ª–∞—Å–∏–∏ —Å –º–æ–∏–º –æ—Ç—Ü–æ–º –¥–æ —Å–∞–º–æ–≥–æ –ø–æ—Å–ª–µ–¥–Ω–µ–≥–æ –¥–Ω—è –ø—Ä–æ–∂–∏–ª–∞. –û—Ç–µ—Ü –º–æ–π –µ–µ –¥–æ–±—Ä–æ–π —Ñ–µ–µ–π —Å–µ–º—å–∏ –Ω–∞–∑—ã–≤–∞–ª. –í–æ—Ç —Ç–∞–∫ –ø–æ-—Å–≤–æ–µ–º—É, –ø–æ-–ø—Ä–æ—Å—Ç–æ–º—É –∏–∑–ª–æ–∂–∏–ª–∞ –°–æ–ª–æ–º–æ–Ω–æ–≤—Å–∫—É—é —Ñ–∏–ª–æ—Å–æ—Ñ–∏—é —Å–µ–º–µ–π–Ω–æ–π –º—É–¥—Ä–æ—Å—Ç–∏ –ù–∏–Ω–∞ –°–µ–º–µ–Ω–æ–≤–Ω–∞. –ê —è –ø–æ–¥—É–º–∞–ª–∞ –æ —Ç–æ–º, —á—Ç–æ –∑–∞–∫–æ–Ω –ø—Ä–∏—á–∏–Ω—ã –∏ —Å–ª–µ–¥—Å—Ç–≤–∏—è —Å—Ä–∞–±–∞—Ç—ã–≤–∞–µ—Ç –≤ –Ω–∞—à–µ–π –∂–∏–∑–Ω–∏ –±–µ–∑—É–∫–æ—Ä–∏–∑–Ω–µ–Ω–Ω–æ. –ñ–µ–Ω—â–∏–Ω–∞ –¥–∏–∫—Ç—É–µ—Ç –æ—Ç–Ω–æ—à–µ–Ω–∏—è –≤ —Å–µ–º—å–µ ‚Äî —Ç–∞–∫–æ–≤ –ø—Ä–∏–Ω—Ü–∏–ø —Å–µ–º–µ–π–Ω—ã—Ö –æ—Ç–Ω–æ—à–µ–Ω–∏–π.",post,{'count': 2351},
"[{'type': 'photo', 'photo': {'album_id': -7, 'date': 1753384420, 'id': 457288652, 'owner_id': -218775990, 'access_key': '8f82f278611c36b804', 'post_id': 106988, 'sizes': [{'height': 116, 'type': 's', 'width': 72, 'url': 'https://sun9-71.userapi.com/s/v1/ig2/8VP6PRqB-7s5hXzfzfIzFjBj8WvRhx419IIVHMXUEaupv0CY0TH2e9g6HYmHouwZsdu4PaN2Wf4WRVDrB_bTmzM2.jpg?quality=95&as=32x51,48x77,72x116,108x174,160x257,240x386,360x579,480x772,540x868,640x1029,720x1158,796x1280&from=bu&cs=72x0'}, {'height': 257, 'type': 'm', 'width': 160, 'url': 'https://sun9-71.userapi.com/s/v1/ig2/8VP6PRqB-7s5hXzfzfIzFjBj8WvRhx419IIVHMXUEaupv0CY0TH2e9g6HYmHouwZsdu4PaN2Wf4WRVDrB_bTmzM2.jpg?quality=95&as=32x51,48x77,72x116,108x174,160x257,240x386,360x579,480x772,540x868,640x1029,720x1158,796x1280&from=bu&cs=160x0'}, {'height': 1029, 'type': 'x', 'width': 640, 'url': 'https://sun9-71.userapi.com/s/v1/ig2/8VP6PRqB-7s5hXzfzfIzFjBj8WvRhx419IIVHMXUEaupv0CY0TH2e9g6HYmHouwZsdu4PaN2Wf4WRVDrB_bTmzM2.jpg?quality=95&as=32x51,48x77,72x116,108x174,160x257,240x386,360x579,480x772,540x868,640x1029,720x1158,796x1280&from=bu&cs=640x0'}, {'height': 1280, 'type': 'y', 'width': 796, 'url': 'https://sun9-71.userapi.com/s/v1/ig2/8VP6PRqB-7s5hXzfzfIzFjBj8WvRhx419IIVHMXUEaupv0CY0TH2e9g6HYmHouwZsdu4PaN2Wf4WRVDrB_bTmzM2.jpg?quality=95&as=32x51,48x77,72x116,108x174,160x257,240x386,360x579,480x772,540x868,640x1029,720x1158,796x1280&from=bu&cs=796x0'}, {'height': 174, 'type': 'o', 'width': 108, 'url': 'https://sun9-71.userapi.com/s/v1/ig2/8VP6PRqB-7s5hXzfzfIzFjBj8WvRhx419IIVHMXUEaupv0CY0TH2e9g6HYmHouwZsdu4PaN2Wf4WRVDrB_bTmzM2.jpg?quality=95&as=32x51,48x77,72x116,108x174,160x257,240x386,360x579,480x772,540x868,640x1029,720x1158,796x1280&from=bu&cs=108x0'}, {'height': 386, 'type': 'p', 'width': 240, 'url': 'https://sun9-71.userapi.com/s/v1/ig2/8VP6PRqB-7s5hXzfzfIzFjBj8WvRhx419IIVHMXUEaupv0CY0TH2e9g6HYmHouwZsdu4PaN2Wf4WRVDrB_bTmzM2.jpg?quality=95&as=32x51,48x77,72x116,108x174,160x257,240x386,360x579,480x772,540x868,640x1029,720x1158,796x1280&from=bu&cs=240x0'}, {'height': 579, 'type': 'q', 'width': 360, 'url': 'https://sun9-71.userapi.com/s/v1/ig2/8VP6PRqB-7s5hXzfzfIzFjBj8WvRhx419IIVHMXUEaupv0CY0TH2e9g6HYmHouwZsdu4PaN2Wf4WRVDrB_bTmzM2.jpg?quality=95&as=32x51,48x77,72x116,108x174,160x257,240x386,360x579,480x772,540x868,640x1029,720x1158,796x1280&from=bu&cs=360x0'}, {'height': 868, 'type': 'r', 'width': 540, 'url': 'https://sun9-71.userapi.com/s/v1/ig2/8VP6PRqB-7s5hXzfzfIzFjBj8WvRhx419IIVHMXUEaupv0CY0TH2e9g6HYmHouwZsdu4PaN2Wf4WRVDrB_bTmzM2.jpg?quality=95&as=32x51,48x77,72x116,108x174,160x257,240x386,360x579,480x772,540x868,640x1029,720x1158,796x1280&from=bu&cs=540x0'}, {'height': 1280, 'type': 'base', 'width': 796, 'url': 'https://sun9-71.userapi.com/s/v1/ig2/8VP6PRqB-7s5hXzfzfIzFjBj8WvRhx419IIVHMXUEaupv0CY0TH2e9g6HYmHouwZsdu4PaN2Wf4WRVDrB_bTmzM2.jpg?quality=95&as=32x51,48x77,72x116,108x174,160x257,240x386,360x579,480x772,540x868,640x1029,720x1158,796x1280&from=bu'}], 'text': '', 'user_id': 100, 'web_view_token': '815c7a60c143e2da4e', 'has_tags': False, 'orig_photo': {'height': 1280, 'type': 'base', 'url': 'https://sun9-71.userapi.com/s/v1/ig2/8VP6PRqB-7s5hXzfzfIzFjBj8WvRhx419IIVHMXUEaupv0CY0TH2e9g6HYmHouwZsdu4PaN2Wf4WRVDrB_bTmzM2.jpg?quality=95&as=32x51,48x77,72x116,108x174,160x257,240x386,360x579,480x772,540x868,640x1029,720x1158,796x1280&from=bu', 'width': 796}}}, {'type': 'video', 'video': {'response_type': 'full', 'access_key': '3e16a29167862878ac', 'can_like': 1, 'can_repost': 1, 'can_subscribe': 1, 'can_add': 1, 'comments': 0, 'date': 1753383574, 'description': '', 'duration': 10, 'image': [{'url': 'https://i.mycdn.me/getVideoPreview?id=8872199064143&idx=7&type=39&tkn=MMNGUDH3bCVUcfb2ip3mAf7x5ho&fn=vid_s', 'width': 130, 'height': 96, 'with_padding': 1}, {'url': 'https://i.mycdn.me/getVideoPreview?id=8872199064143&idx=7&type=39&tkn=MMNGUDH3bCVUcfb2ip3mAf7x5ho&fn=vid_m', 'width': 160, 'height': 120, 'with_padding': 1}, {'url': 'https://i.mycdn.me/getVideoPreview?id=8872199064143&idx=7&type=39&tkn=MMNGUDH3bCVUcfb2ip3mAf7x5ho&fn=vid_l', 'width': 320, 'height': 240, 'with_padding': 1}, {'url': 'https://i.mycdn.me/getVideoPreview?id=8872199064143&idx=7&type=39&tkn=MMNGUDH3bCVUcfb2ip3mAf7x5ho&fn=vid_x', 'width': 800, 'height': 450, 'with_padding': 1}, {'url': 'https://i.mycdn.me/getVideoPreview?id=8872199064143&idx=7&type=39&tkn=MMNGUDH3bCVUcfb2ip3mAf7x5ho&fn=vid_w', 'width': 468, 'height': 720}, {'url': 'https://i.mycdn.me/getVideoPreview?id=8872199064143&idx=7&type=39&tkn=MMNGUDH3bCVUcfb2ip3mAf7x5ho&fn=vid_t', 'width': 320, 'height': 492}, {'url': 'https://i.mycdn.me/getVideoPreview?id=8872199064143&idx=7&type=39&tkn=MMNGUDH3bCVUcfb2ip3mAf7x5ho&fn=vid_u', 'width': 720, 'height': 1108}], 'first_frame': [{'url': 'https://i.mycdn.me/getVideoPreview?id=8872199064143&idx=0&type=39&tkn=g0oVq8F8k4XUPVrA720vdUVBhXc&fn=vid_f', 'width': 263, 'height': 405}, {'url': 'https://i.mycdn.me/getVideoPreview?id=8872199064143&idx=0&type=39&tkn=g0oVq8F8k4XUPVrA720vdUVBhXc&fn=vid_md', 'width': 175, 'height': 270}, {'url': 'https://i.mycdn.me/getVideoPreview?id=8872199064143&idx=0&type=39&tkn=g0oVq8F8k4XUPVrA720vdUVBhXc&fn=vid_d', 'width': 87, 'height': 135}, {'url': 'https://i.mycdn.me/getVideoPreview?id=8872199064143&idx=0&type=39&tkn=g0oVq8F8k4XUPVrA720vdUVBhXc&fn=vid_sm', 'width': 46, 'height': 72}, {'url': 'https://i.mycdn.me/getVideoPreview?id=8872199064143&idx=0&type=39&tkn=g0oVq8F8k4XUPVrA720vdUVBhXc&fn=vid_w', 'width': 467, 'height': 720}], 'width': 360, 'height': 554, 'id': 456262487, 'owner_id': -218775990, 'title': 'Video by –í–æ–µ–Ω–Ω—ã–µ –Ω–æ–≤–æ—Å—Ç–∏ ‚òÖ —Å–≤–æ–¥–∫–∏ –°–í–û', 'track_code': 'video_4f42a1a1_47fnnGGz6osvzmlLEJ-8Tywg7CsmZMox1DKIt56qnPRqMOUd4nNpCC2X6RDQHL-OoaxhJSulF2pO6RNM6oMimFIdyR2vvidGYYAlXN2SzjxeU57a1Froqg', 'type': 'video', 'views': 4, 'local_views': 4, 'can_dislike': 1, 'should_stretch': False}}, {'type': 'video', 'video': {'response_type': 'full', 'access_key': '2e66a422b8a46a4cc5', 'can_like': 1, 'can_repost': 1, 'can_subscribe': 1, 'can_add': 1, 'comments': 0, 'date': 1753383574, 'description': '', 'duration': 15, 'image': [{'url': 'https://i.mycdn.me/getVideoPreview?id=8613195287257&idx=9&type=39&tkn=6cBqcV915cYxUcYijqLAomkcMIc&fn=vid_s', 'width': 130, 'height': 96, 'with_padding': 1}, {'url': 'https://i.mycdn.me/getVideoPreview?id=8613195287257&idx=9&type=39&tkn=6cBqcV915cYxUcYijqLAomkcMIc&fn=vid_m', 'width': 160, 'height': 120, 'with_padding': 1}, {'url': 'https://i.mycdn.me/getVideoPreview?id=8613195287257&idx=9&type=39&tkn=6cBqcV915cYxUcYijqLAomkcMIc&fn=vid_l', 'width': 320, 'height': 240, 'with_padding': 1}, {'url': 'https://i.mycdn.me/getVideoPreview?id=8613195287257&idx=9&type=39&tkn=6cBqcV915cYxUcYijqLAomkcMIc&fn=vid_x', 'width': 800, 'height': 450, 'with_padding': 1}, {'url': 'https://i.mycdn.me/getVideoPreview?id=8613195287257&idx=9&type=39&tkn=6cBqcV915cYxUcYijqLAomkcMIc&fn=vid_w', 'width': 394, 'height': 720}, {'url': 'https://i.mycdn.me/getVideoPreview?id=8613195287257&idx=9&type=39&tkn=6cBqcV915cYxUcYijqLAomkcMIc&fn=vid_t', 'width': 320, 'height': 585}, {'url': 'https://i.mycdn.me/getVideoPreview?id=8613195287257&idx=9&type=39&tkn=6cBqcV915cYxUcYijqLAomkcMIc&fn=vid_u', 'width': 700, 'height': 1280}], 'first_frame': [{'url': 'https://i.mycdn.me/getVideoPreview?id=8613195287257&idx=0&type=39&tkn=shMK2j-lXwwj06Zr4JsG4nvBFWI&fn=vid_f', 'width': 221, 'height': 405}, {'url': 'https://i.mycdn.me/getVideoPreview?id=8613195287257&idx=0&type=39&tkn=shMK2j-lXwwj06Zr4JsG4nvBFWI&fn=vid_md', 'width': 147, 'height': 270}, {'url': 'https://i.mycdn.me/getVideoPreview?id=8613195287257&idx=0&type=39&tkn=shMK2j-lXwwj06Zr4JsG4nvBFWI&fn=vid_d', 'width': 73, 'height': 135}, {'url': 'https://i.mycdn.me/getVideoPreview?id=8613195287257&idx=0&type=39&tkn=shMK2j-lXwwj06Zr4JsG4nvBFWI&fn=vid_sm', 'width': 39, 'height': 72}, {'url': 'https://i.mycdn.me/getVideoPreview?id=8613195287257&idx=0&type=39&tkn=shMK2j-lXwwj06Zr4JsG4nvBFWI&fn=vid_w', 'width': 393, 'height': 720}], 'width': 466, 'height': 852, 'id': 456262488, 'owner_id': -218775990, 'title': 'Video by –í–æ–µ–Ω–Ω—ã–µ –Ω–æ–≤–æ—Å—Ç–∏ ‚òÖ —Å–≤–æ–¥–∫–∏ –°–í–û', 'track_code': 'video_575c6dea0OMjy0H9ONSejBlOjG-Ile4DTyNX9bkAxiEyNIHliSn-xT_BR_I62pKFf0_jbYSa6DV9F2_NvnWoSlxbbDUv0E4li3FGxQ_jq7UgftNbvVwjyoLokDJBiqk', 'type': 'video', 'views': 11, 'local_views': 11, 'can_dislike': 1, 'should_stretch': False}}, {'type': 'video', 'video': {'response_type': 'full', 'access_key': '9b353d5a1dc81fade3', 'can_like': 1, 'can_repost': 1, 'can_subscribe': 1, 'can_add': 1, 'comments': 0, 'date': 1753383816, 'description': '', 'duration': 32, 'image': [{'url': 'https://i.mycdn.me/getVideoPreview?id=8420612180544&idx=1&type=39&tkn=od3LofloM5_6kMPDEysHR4RtdeE&fn=vid_s', 'width': 130, 'height': 96, 'with_padding': 1}, {'url': 'https://i.mycdn.me/getVideoPreview?id=8420612180544&idx=1&type=39&tkn=od3LofloM5_6kMPDEysHR4RtdeE&fn=vid_m', 'width': 160, 'height': 120, 'with_padding': 1}, {'url': 'https://i.mycdn.me/getVideoPreview?id=8420612180544&idx=1&type=39&tkn=od3LofloM5_6kMPDEysHR4RtdeE&fn=vid_l', 'width': 320, 'height': 240, 'with_padding': 1}, {'url': 'https://i.mycdn.me/getVideoPreview?id=8420612180544&idx=1&type=39&tkn=od3LofloM5_6kMPDEysHR4RtdeE&fn=vid_x', 'width': 800, 'height': 450, 'with_padding': 1}, {'url': 'https://i.mycdn.me/getVideoPreview?id=8420612180544&idx=1&type=39&tkn=od3LofloM5_6kMPDEysHR4RtdeE&fn=vid_w', 'width': 1280, 'height': 688}, {'url': 'https://i.mycdn.me/getVideoPreview?id=8420612180544&idx=1&type=39&tkn=od3LofloM5_6kMPDEysHR4RtdeE&fn=vid_t', 'width': 320, 'height': 172}, {'url': 'https://i.mycdn.me/getVideoPreview?id=8420612180544&idx=1&type=39&tkn=od3LofloM5_6kMPDEysHR4RtdeE&fn=vid_u', 'width': 720, 'height': 387}], 'first_frame': [{'url': 'https://i.mycdn.me/getVideoPreview?id=8420612180544&idx=0&type=39&tkn=MxjtMI-EMYAhX6WROF9RSNw3EbY&fn=vid_f', 'width': 720, 'height': 405}, {'url': 'https://i.mycdn.me/getVideoPreview?id=8420612180544&idx=0&type=39&tkn=MxjtMI-EMYAhX6WROF9RSNw3EbY&fn=vid_md', 'width': 480, 'height': 270}, {'url': 'https://i.mycdn.me/getVideoPreview?id=8420612180544&idx=0&type=39&tkn=MxjtMI-EMYAhX6WROF9RSNw3EbY&fn=vid_d', 'width': 240, 'height': 135}, {'url': 'https://i.mycdn.me/getVideoPreview?id=8420612180544&idx=0&type=39&tkn=MxjtMI-EMYAhX6WROF9RSNw3EbY&fn=vid_sm', 'width': 128, 'height': 72}, {'url': 'https://i.mycdn.me/getVideoPreview?id=8420612180544&idx=0&type=39&tkn=MxjtMI-EMYAhX6WROF9RSNw3EbY&fn=vid_w', 'width': 1280, 'height': 720}, {'url': 'https://i.mycdn.me/getVideoPreview?id=8420612180544&idx=0&type=39&tkn=MxjtMI-EMYAhX6WROF9RSNw3EbY&fn=vid_h', 'width': 960, 'height': 540}, {'url': 'https://i.mycdn.me/getVideoPreview?id=8420612180544&idx=0&type=39&tkn=MxjtMI-EMYAhX6WROF9RSNw3EbY&fn=vid_w', 'width': 1280, 'height': 720}], 'width': 1280, 'height': 688, 'id': 456262492, 'owner_id': -218775990, 'title': 'Video by –í–æ–µ–Ω–Ω—ã–µ –Ω–æ–≤–æ—Å—Ç–∏ ‚òÖ —Å–≤–æ–¥–∫–∏ –°–í–û', 'track_code': 'video_b0a5346dSTGwHh7BGPHNX35AOEHig_ANYqK4ZjMc3iHNb7F7HI1nF6wUGM4a_8FWGEFXQ-6M9jtQloFUNGmwSqMAXKu6dNf3GKQZ-S_G-GZHcGd110o9xK9pfqvLlrE', 'type': 'video', 'views': 11, 'local_views': 11, 'can_dislike': 1, 'should_stretch': False}}, {'type': 'video', 'video': {'response_type': 'full', 'access_key': 'ac73613d332f995efe', 'can_like': 1, 'can_repost': 1, 'can_subscribe': 1, 'can_add': 1, 'comments': 0, 'date': 1753384219, 'description': '', 'duration': 38, 'image': [{'url': 'https://i.mycdn.me/getVideoPreview?id=8444740045478&idx=0&type=39&tkn=k0Pt0s45j-8gpX2ZVM7oJpoGLV8&fn=vid_s', 'width': 130, 'height': 96, 'with_padding': 1}, {'url': 'https://i.mycdn.me/getVideoPreview?id=8444740045478&idx=0&type=39&tkn=k0Pt0s45j-8gpX2ZVM7oJpoGLV8&fn=vid_m', 'width': 160, 'height': 120, 'with_padding': 1}, {'url': 'https://i.mycdn.me/getVideoPreview?id=8444740045478&idx=0&type=39&tkn=k0Pt0s45j-8gpX2ZVM7oJpoGLV8&fn=vid_l', 'width': 320, 'height': 240, 'with_padding': 1}, {'url': 'https://i.mycdn.me/getVideoPreview?id=8444740045478&idx=0&type=39&tkn=k0Pt0s45j-8gpX2ZVM7oJpoGLV8&fn=vid_x', 'width': 800, 'height': 450, 'with_padding': 1}, {'url': 'https://i.mycdn.me/getVideoPreview?id=8444740045478&idx=0&type=39&tkn=k0Pt0s45j-8gpX2ZVM7oJpoGLV8&fn=vid_w', 'width': 1280, 'height': 720}, {'url': 'https://i.mycdn.me/getVideoPreview?id=8444740045478&idx=0&type=39&tkn=k0Pt0s45j-8gpX2ZVM7oJpoGLV8&fn=vid_t', 'width': 320, 'height': 180}, {'url': 'https://i.mycdn.me/getVideoPreview?id=8444740045478&idx=0&type=39&tkn=k0Pt0s45j-8gpX2ZVM7oJpoGLV8&fn=vid_u', 'width': 720, 'height': 405}], 'first_frame': [{'url': 'https://i.mycdn.me/getVideoPreview?id=8444740045478&idx=0&type=39&tkn=k0Pt0s45j-8gpX2ZVM7oJpoGLV8&fn=vid_f', 'width': 720, 'height': 405}, {'url': 'https://i.mycdn.me/getVideoPreview?id=8444740045478&idx=0&type=39&tkn=k0Pt0s45j-8gpX2ZVM7oJpoGLV8&fn=vid_md', 'width': 480, 'height': 270}, {'url': 'https://i.mycdn.me/getVideoPreview?id=8444740045478&idx=0&type=39&tkn=k0Pt0s45j-8gpX2ZVM7oJpoGLV8&fn=vid_d', 'width': 240, 'height': 135}, {'url': 'https://i.mycdn.me/getVideoPreview?id=8444740045478&idx=0&type=39&tkn=k0Pt0s45j-8gpX2ZVM7oJpoGLV8&fn=vid_sm', 'width': 128, 'height': 72}, {'url': 'https://i.mycdn.me/getVideoPreview?id=8444740045478&idx=0&type=39&tkn=k0Pt0s45j-8gpX2ZVM7oJpoGLV8&fn=vid_w', 'width': 1280, 'height': 720}, {'url': 'https://i.mycdn.me/getVideoPreview?id=8444740045478&idx=0&type=39&tkn=k0Pt0s45j-8gpX2ZVM7oJpoGLV8&fn=vid_h', 'width': 960, 'height': 540}, {'url': 'https://i.mycdn.me/getVideoPreview?id=8444740045478&idx=0&type=39&tkn=k0Pt0s45j-8gpX2ZVM7oJpoGLV8&fn=vid_w', 'width': 1280, 'height': 720}], 'width': 1280, 'height': 720, 'id': 456262493, 'owner_id': -218775990, 'title': 'Video by –í–æ–µ–Ω–Ω—ã–µ –Ω–æ–≤–æ—Å—Ç–∏ ‚òÖ —Å–≤–æ–¥–∫–∏ –°–í–û', 'track_code': 'video_67251adcs1Dpxq_qv_e6fN3geQnwDv5skyVWpSX0aSk2GZP4bz2ddvXMqeW9-bZ1u-EWC_wB-FqhEW-WIoEHQlh2fijJxC2WQXyo0ojAj0Xk0CY9xcczpV7ukGndfgY', 'type': 'video', 'views': 15, 'local_views': 15, 'can_dislike': 1, 'should_stretch': False}}, {'type': 'video', 'video': {'response_type': 'full', 'access_key': 'd52e1991f35cc21e71', 'can_like': 1, 'can_repost': 1, 'can_subscribe': 1, 'can_add': 1, 'comments': 0, 'date': 1753383575, 'description': '', 'duration': 968, 'image': [{'url': 'https://i.mycdn.me/getVideoPreview?id=8738234632948&idx=5&type=39&tkn=cNqUwFxCGQj0toEJqEWYlcM21bY&fn=vid_s', 'width': 130, 'height': 96, 'with_padding': 1}, {'url': 'https://i.mycdn.me/getVideoPreview?id=8738234632948&idx=5&type=39&tkn=cNqUwFxCGQj0toEJqEWYlcM21bY&fn=vid_m', 'width': 160, 'height': 120, 'with_padding': 1}, {'url': 'https://i.mycdn.me/getVideoPreview?id=8738234632948&idx=5&type=39&tkn=cNqUwFxCGQj0toEJqEWYlcM21bY&fn=vid_l', 'width': 320, 'height': 240, 'with_padding': 1}, {'url': 'https://i.mycdn.me/getVideoPreview?id=8738234632948&idx=5&type=39&tkn=cNqUwFxCGQj0toEJqEWYlcM21bY&fn=vid_x', 'width': 800, 'height': 450, 'with_padding': 1}, {'url': 'https://i.mycdn.me/getVideoPreview?id=8738234632948&idx=5&type=39&tkn=cNqUwFxCGQj0toEJqEWYlcM21bY&fn=vid_w', 'width': 1280, 'height': 718}, {'url': 'https://i.mycdn.me/getVideoPreview?id=8738234632948&idx=5&type=39&tkn=cNqUwFxCGQj0toEJqEWYlcM21bY&fn=vid_t', 'width': 320, 'height': 180}, {'url': 'https://i.mycdn.me/getVideoPreview?id=8738234632948&idx=5&type=39&tkn=cNqUwFxCGQj0toEJqEWYlcM21bY&fn=vid_u', 'width': 720, 'height': 404}], 'first_frame': [{'url': 'https://i.mycdn.me/getVideoPreview?id=8738234632948&idx=0&type=39&tkn=JBPkTwRsCuXxemeNkyx-79xq_Eo&fn=vid_f', 'width': 720, 'height': 405}, {'url': 'https://i.mycdn.me/getVideoPreview?id=8738234632948&idx=0&type=39&tkn=JBPkTwRsCuXxemeNkyx-79xq_Eo&fn=vid_md', 'width': 480, 'height': 270}, {'url': 'https://i.mycdn.me/getVideoPreview?id=8738234632948&idx=0&type=39&tkn=JBPkTwRsCuXxemeNkyx-79xq_Eo&fn=vid_d', 'width': 240, 'height': 135}, {'url': 'https://i.mycdn.me/getVideoPreview?id=8738234632948&idx=0&type=39&tkn=JBPkTwRsCuXxemeNkyx-79xq_Eo&fn=vid_sm', 'width': 128, 'height': 72}, {'url': 'https://i.mycdn.me/getVideoPreview?id=8738234632948&idx=0&type=39&tkn=JBPkTwRsCuXxemeNkyx-79xq_Eo&fn=vid_w', 'width': 1280, 'height': 720}], 'width': 852, 'height': 478, 'id': 456262489, 'owner_id': -218775990, 'title': 'Video by –í–æ–µ–Ω–Ω—ã–µ –Ω–æ–≤–æ—Å—Ç–∏ ‚òÖ —Å–≤–æ–¥–∫–∏ –°–í–û', 'track_code': 'video_dded3eecG10ZM4K1n6o0A7_HTP4vqBsL1TFYmOscuWaQPZszvtM1ewU5hLqdpDgK2cYj_COnHT3nBWCh7GnXDf5SduMYKoWbsYmFjaidATqG9xPKGmHWwhj6n14TltY', 'type': 'video', 'views': 5, 'local_views': 5, 'can_dislike': 1, 'should_stretch': False}}, {'type': 'video', 'video': {'response_type': 'full', 'access_key': '9cebf412f589205ef2', 'can_like': 1, 'can_repost': 1, 'can_subscribe': 1, 'can_add': 1, 'comments': 0, 'date': 1753383574, 'description': '', 'duration': 120, 'image': [{'url': 'https://i.mycdn.me/getVideoPreview?id=8710887246508&idx=14&type=39&tkn=FU3Qi5gjulFhrzpmwUzPOPXDUAQ&fn=vid_s', 'width': 130, 'height': 96, 'with_padding': 1}, {'url': 'https://i.mycdn.me/getVideoPreview?id=8710887246508&idx=14&type=39&tkn=FU3Qi5gjulFhrzpmwUzPOPXDUAQ&fn=vid_m', 'width': 160, 'height': 120, 'with_padding': 1}, {'url': 'https://i.mycdn.me/getVideoPreview?id=8710887246508&idx=14&type=39&tkn=FU3Qi5gjulFhrzpmwUzPOPXDUAQ&fn=vid_l', 'width': 320, 'height': 240, 'with_padding': 1}, {'url': 'https://i.mycdn.me/getVideoPreview?id=8710887246508&idx=14&type=39&tkn=FU3Qi5gjulFhrzpmwUzPOPXDUAQ&fn=vid_x', 'width': 800, 'height': 450, 'with_padding': 1}, {'url': 'https://i.mycdn.me/getVideoPreview?id=8710887246508&idx=14&type=39&tkn=FU3Qi5gjulFhrzpmwUzPOPXDUAQ&fn=vid_w', 'width': 1280, 'height': 720}, {'url': 'https://i.mycdn.me/getVideoPreview?id=8710887246508&idx=14&type=39&tkn=FU3Qi5gjulFhrzpmwUzPOPXDUAQ&fn=vid_t', 'width': 320, 'height': 180}, {'url': 'https://i.mycdn.me/getVideoPreview?id=8710887246508&idx=14&type=39&tkn=FU3Qi5gjulFhrzpmwUzPOPXDUAQ&fn=vid_u', 'width': 720, 'height': 405}], 'first_frame': [{'url': 'https://i.mycdn.me/getVideoPreview?id=8710887246508&idx=0&type=39&tkn=ELxVhdMcNXuWMnSFuNiBsWwNYjs&fn=vid_f', 'width': 720, 'height': 405}, {'url': 'https://i.mycdn.me/getVideoPreview?id=8710887246508&idx=0&type=39&tkn=ELxVhdMcNXuWMnSFuNiBsWwNYjs&fn=vid_md', 'width': 480, 'height': 270}, {'url': 'https://i.mycdn.me/getVideoPreview?id=8710887246508&idx=0&type=39&tkn=ELxVhdMcNXuWMnSFuNiBsWwNYjs&fn=vid_d', 'width': 240, 'height': 135}, {'url': 'https://i.mycdn.me/getVideoPreview?id=8710887246508&idx=0&type=39&tkn=ELxVhdMcNXuWMnSFuNiBsWwNYjs&fn=vid_sm', 'width': 128, 'height': 72}, {'url': 'https://i.mycdn.me/getVideoPreview?id=8710887246508&idx=0&type=39&tkn=ELxVhdMcNXuWMnSFuNiBsWwNYjs&fn=vid_w', 'width': 1280, 'height': 720}, {'url': 'https://i.mycdn.me/getVideoPreview?id=8710887246508&idx=0&type=39&tkn=ELxVhdMcNXuWMnSFuNiBsWwNYjs&fn=vid_h', 'width': 960, 'height': 540}, {'url': 'https://i.mycdn.me/getVideoPreview?id=8710887246508&idx=0&type=39&tkn=ELxVhdMcNXuWMnSFuNiBsWwNYjs&fn=vid_w', 'width': 1280, 'height': 720}], 'width': 1280, 'height': 720, 'id': 456262486, 'owner_id': -218775990, 'title': 'Video by –í–æ–µ–Ω–Ω—ã–µ –Ω–æ–≤–æ—Å—Ç–∏ ‚òÖ —Å–≤–æ–¥–∫–∏ –°–í–û', 'track_code': 'video_fb30afaagGDJHGuPpyn0yY9wWIlCnGmvTZQR_QruMb4zJJbROJOuRtUWbYClJ_jA6XE3i06Tb5l_oCnLDZtf1V1LewGeah6mYaZst5AewfC2QAe9d1WkZoBf1jTyZF4', 'type': 'video', 'views': 5, 'local_views': 5, 'can_dislike': 1, 'should_stretch': False}}, {'type': 'video', 'video': {'response_type': 'full', 'access_key': '2fac1c09a331a3828e', 'can_like': 1, 'can_repost': 1, 'can_subscribe': 1, 'can_add': 1, 'comments': 0, 'date': 1753383815, 'description': '', 'duration': 316, 'image': [{'url': 'https://i.mycdn.me/getVideoPreview?id=8421066738372&idx=14&type=39&tkn=ttjkCPTCFKJGkm91Ls3Eeuuv7oY&fn=vid_s', 'width': 130, 'height': 96, 'with_padding': 1}, {'url': 'https://i.mycdn.me/getVideoPreview?id=8421066738372&idx=14&type=39&tkn=ttjkCPTCFKJGkm91Ls3Eeuuv7oY&fn=vid_m', 'width': 160, 'height': 120, 'with_padding': 1}, {'url': 'https://i.mycdn.me/getVideoPreview?id=8421066738372&idx=14&type=39&tkn=ttjkCPTCFKJGkm91Ls3Eeuuv7oY&fn=vid_l', 'width': 320, 'height': 240, 'with_padding': 1}, {'url': 'https://i.mycdn.me/getVideoPreview?id=8421066738372&idx=14&type=39&tkn=ttjkCPTCFKJGkm91Ls3Eeuuv7oY&fn=vid_x', 'width': 800, 'height': 450, 'with_padding': 1}, {'url': 'https://i.mycdn.me/getVideoPreview?id=8421066738372&idx=14&type=39&tkn=ttjkCPTCFKJGkm91Ls3Eeuuv7oY&fn=vid_w', 'width': 1280, 'height': 720}, {'url': 'https://i.mycdn.me/getVideoPreview?id=8421066738372&idx=14&type=39&tkn=ttjkCPTCFKJGkm91Ls3Eeuuv7oY&fn=vid_t', 'width': 320, 'height': 180}, {'url': 'https://i.mycdn.me/getVideoPreview?id=8421066738372&idx=14&type=39&tkn=ttjkCPTCFKJGkm91Ls3Eeuuv7oY&fn=vid_u', 'width': 720, 'height': 405}], 'first_frame': [{'url': 'https://i.mycdn.me/getVideoPreview?id=8421066738372&idx=0&type=39&tkn=GMYTf7oju7XC0A6WfD0cKkHql70&fn=vid_f', 'width': 720, 'height': 405}, {'url': 'https://i.mycdn.me/getVideoPreview?id=8421066738372&idx=0&type=39&tkn=GMYTf7oju7XC0A6WfD0cKkHql70&fn=vid_md', 'width': 480, 'height': 270}, {'url': 'https://i.mycdn.me/getVideoPreview?id=8421066738372&idx=0&type=39&tkn=GMYTf7oju7XC0A6WfD0cKkHql70&fn=vid_d', 'width': 240, 'height': 135}, {'url': 'https://i.mycdn.me/getVideoPreview?id=8421066738372&idx=0&type=39&tkn=GMYTf7oju7XC0A6WfD0cKkHql70&fn=vid_sm', 'width': 128, 'height': 72}, {'url': 'https://i.mycdn.me/getVideoPreview?id=8421066738372&idx=0&type=39&tkn=GMYTf7oju7XC0A6WfD0cKkHql70&fn=vid_w', 'width': 1280, 'height': 720}, {'url': 'https://i.mycdn.me/getVideoPreview?id=8421066738372&idx=0&type=39&tkn=GMYTf7oju7XC0A6WfD0cKkHql70&fn=vid_h', 'width': 960, 'height': 540}, {'url': 'https://i.mycdn.me/getVideoPreview?id=8421066738372&idx=0&type=39&tkn=GMYTf7oju7XC0A6WfD0cKkHql70&fn=vid_w', 'width': 1280, 'height': 720}], 'width': 1920, 'height': 1080, 'id': 456262491, 'owner_id': -218775990, 'title': 'Video by –í–æ–µ–Ω–Ω—ã–µ –Ω–æ–≤–æ—Å—Ç–∏ ‚òÖ —Å–≤–æ–¥–∫–∏ –°–í–û', 'track_code': 'video_baa3407fNC0H791FwuDevHRpjIe2nM9EgKlFrvf4y-X_DApYNXUaCxvl20rA7tK1EmjjhbqTyXKynXyf8I2ljpFj54iTjKrrr1XaffXX64VNWdOzg1UCjU1ig2APcqQ', 'type': 'video', 'views': 4, 'local_views': 4, 'can_dislike': 1, 'should_stretch': False}}, {'type': 'video', 'video': {'response_type': 'full', 'access_key': 'c86e1312b26910aec3', 'can_like': 1, 'can_repost': 1, 'can_subscribe': 1, 'can_add': 1, 'comments': 0, 'date': 1753383575, 'description': '', 'duration': 1054, 'image': [{'url': 'https://i.mycdn.me/getVideoPreview?id=8675073919733&idx=2&type=39&tkn=TM5OPpD3xYITlae4auXtaqrLslc&fn=vid_s', 'width': 130, 'height': 96, 'with_padding': 1}, {'url': 'https://i.mycdn.me/getVideoPreview?id=8675073919733&idx=2&type=39&tkn=TM5OPpD3xYITlae4auXtaqrLslc&fn=vid_m', 'width': 160, 'height': 120, 'with_padding': 1}, {'url': 'https://i.mycdn.me/getVideoPreview?id=8675073919733&idx=2&type=39&tkn=TM5OPpD3xYITlae4auXtaqrLslc&fn=vid_l', 'width': 320, 'height': 240, 'with_padding': 1}, {'url': 'https://i.mycdn.me/getVideoPreview?id=8675073919733&idx=2&type=39&tkn=TM5OPpD3xYITlae4auXtaqrLslc&fn=vid_x', 'width': 800, 'height': 450, 'with_padding': 1}, {'url': 'https://i.mycdn.me/getVideoPreview?id=8675073919733&idx=2&type=39&tkn=TM5OPpD3xYITlae4auXtaqrLslc&fn=vid_w', 'width': 1280, 'height': 718}, {'url': 'https://i.mycdn.me/getVideoPreview?id=8675073919733&idx=2&type=39&tkn=TM5OPpD3xYITlae4auXtaqrLslc&fn=vid_t', 'width': 320, 'height': 180}, {'url': 'https://i.mycdn.me/getVideoPreview?id=8675073919733&idx=2&type=39&tkn=TM5OPpD3xYITlae4auXtaqrLslc&fn=vid_u', 'width': 720, 'height': 404}], 'first_frame': [{'url': 'https://i.mycdn.me/getVideoPreview?id=8675073919733&idx=0&type=39&tkn=bncAJawIvaAax_1MGP9UoROMoUc&fn=vid_f', 'width': 720, 'height': 405}, {'url': 'https://i.mycdn.me/getVideoPreview?id=8675073919733&idx=0&type=39&tkn=bncAJawIvaAax_1MGP9UoROMoUc&fn=vid_md', 'width': 480, 'height': 270}, {'url': 'https://i.mycdn.me/getVideoPreview?id=8675073919733&idx=0&type=39&tkn=bncAJawIvaAax_1MGP9UoROMoUc&fn=vid_d', 'width': 240, 'height': 135}, {'url': 'https://i.mycdn.me/getVideoPreview?id=8675073919733&idx=0&type=39&tkn=bncAJawIvaAax_1MGP9UoROMoUc&fn=vid_sm', 'width': 128, 'height': 72}, {'url': 'https://i.mycdn.me/getVideoPreview?id=8675073919733&idx=0&type=39&tkn=bncAJawIvaAax_1MGP9UoROMoUc&fn=vid_w', 'width': 1280, 'height': 720}], 'width': 852, 'height': 478, 'id': 456262490, 'owner_id': -218775990, 'title': 'Video by –í–æ–µ–Ω–Ω—ã–µ –Ω–æ–≤–æ—Å—Ç–∏ ‚òÖ —Å–≤–æ–¥–∫–∏ –°–í–û', 'track_code': 'video_9dc86f71DXBNOwv5xN9L2xchJBri_amrfbBUDaiqswxs_n5Kz-cjVlExDfbG0UfScSBLGO7yr51PhG09r9_dZwKRk5ppHpO25YEMwfPofuIuEXsu1zRkYrB7ksJQINw', 'type': 'video', 'views': 5, 'local_views': 5, 'can_dislike': 1, 'should_stretch': False}}]",,0,"{'can_post': 1, 'count': 0, 'groups_can_post': True}",,,,1753390680,{'is_donut': False},https://vk.com/app51528700#/?owner_id=-218775990&type=donut_badges&params=%257B%2522item_id%2522%253A%2522106994%2522%257D&comment=1,,-218775990,,106994,wall_wallpost,"{'can_like': 1, 'count': 3, 'user_likes': 0, 'can_publish': 1, 'repost_disabled': False}",0,,-218775990,{'type': 'api'},post,"{'count': 1, 'user_reposted': 0}",,"#–°–ø–ª–µ—Ç–Ω–∏ —Å —É–∫—Ä–æ - —Ç–µ–ª–µ–≥–∏ (–¥–ª—è –ø–æ–Ω–∏–º–∞–Ω–∏—è —Å–∏—Ç—É–∞—Ü–∏–∏ —Å –¥—Ä—É–≥–æ–π —Å—Ç–æ—Ä–æ–Ω—ã + –ø–æ–ª–µ–∑–Ω—ã–µ —Å–ª–∏–≤—ã, –∫–∞–∫ –µ—Å—Ç—å - –±–µ–∑ –∫–æ–º–º–µ–Ω—Ç–∞—Ä–∏–µ–≤, –ù–ï –í–ï–†–ò–¢–¨ –≤—Å–µ–º—É üòâ):

–£—Ä–µ–∑–∞–Ω–∏–µ –ù–ê–ë–£ ‚Äî ¬´—Å–∞–º–∞—è –±–æ–ª—å—à–∞—è –∞–≤–∞–Ω—Ç—é—Ä–∞¬ª –∏ —É–¥–∞—Ä –ø–æ –∏–º–∏–¥–∂—É –ó–µ–ª–µ–Ω—Å–∫–æ–≥–æ –Ω–∞ –ó–∞–ø–∞–¥–µ, ‚Äî The Times

‚ñ™–ù–æ–≤—ã–π –∑–∞–∫–æ–Ω, –ø–æ –º–Ω–µ–Ω–∏—é –∏–∑–¥–∞–Ω–∏—è, ¬´–≤—ã–∑—ã–≤–∞–µ—Ç —Å–æ–º–Ω–µ–Ω–∏—è –æ—Ç–Ω–æ—Å–∏—Ç–µ–ª—å–Ω–æ –Ω–∞–º–µ—Ä–µ–Ω–∏—è –£–∫—Ä–∞–∏–Ω—ã –≤—Å—Ç—É–ø–∏—Ç—å –≤ –ï–≤—Ä–æ–ø–µ–π—Å–∫–∏–π –°–æ—é–∑¬ª.
‚ûñ¬´–≠—Ç–æ –ø—Ä–∏–º–µ—á–∞—Ç–µ–ª—å–Ω—ã–π –ø–æ–≤–æ—Ä–æ—Ç –¥–ª—è —á–µ–ª–æ–≤–µ–∫–∞, —á—å—è —Ä–µ—à–∏–º–æ—Å—Ç—å –æ—Å—Ç–∞—Ç—å—Å—è –≤ –ö–∏–µ–≤–µ –≤ –Ω–∞—á–∞–ª–µ –≤–æ–π–Ω—ã –ø—Ä–µ–≤—Ä–∞—Ç–∏–ª–∞ –µ–≥–æ –≤ –º–µ–∂–¥—É–Ω–∞—Ä–æ–¥–Ω—ã–π —Å–∏–º–≤–æ–ª —Å–≤–æ–±–æ–¥—ã. –†–µ—à–µ–Ω–∏–µ –ó–µ–ª–µ–Ω—Å–∫–æ–≥–æ –ø–æ—Å—Ç–∞–≤–∏–ª–æ –µ–≥–æ –Ω–∞ –ø—É—Ç—å –ø–æ—Ç–µ–Ω—Ü–∏–∞–ª—å–Ω–æ–≥–æ —Å—Ç–æ–ª–∫–Ω–æ–≤–µ–Ω–∏—è —Å –º–æ—â–Ω—ã–º –≥—Ä–∞–∂–¥–∞–Ω—Å–∫–∏–º –æ–±—â–µ—Å—Ç–≤–æ–º –£–∫—Ä–∞–∏–Ω—ã. –ü—Ä–æ—Ç–µ—Å—Ç—ã, –Ω–∞—á–∞–≤—à–∏–µ—Å—è –≤ –ö–∏–µ–≤–µ –≤–æ –≤—Ç–æ—Ä–Ω–∏–∫ –≤–µ—á–µ—Ä–æ–º, —è–≤–ª—è—é—Ç—Å—è –±–µ—Å–ø—Ä–µ—Ü–µ–¥–µ–Ω—Ç–Ω—ã–º–∏ –∑–∞ –ø–æ—Å–ª–µ–¥–Ω–∏–µ —Ç—Ä–∏ –≥–æ–¥–∞ –≤–æ–π–Ω—ã –≤ –£–∫—Ä–∞–∏–Ω–µ, —á—Ç–æ –ø–æ–¥—á—ë—Ä–∫–∏–≤–∞–µ—Ç –≥–ª—É–±–∏–Ω—É —Å–æ–ø—Ä–æ—Ç–∏–≤–ª–µ–Ω–∏—è¬ª, ‚Äî –≥–æ–≤–æ—Ä–∏—Ç—Å—è –≤ —Å—Ç–∞—Ç—å–µ.
‚ñ™The Times —Å—Ä–∞–≤–Ω–∏–≤–∞–µ—Ç —Ç–µ–∫—É—â–∏–µ –ø—Ä–æ—Ç–µ—Å—Ç—ã —Å –ï–≤—Ä–æ–º–∞–π–¥–∞–Ω–æ–º, –∫–æ—Ç–æ—Ä—ã–π —Ç–∞–∫–∂–µ –Ω–∞—á–∏–Ω–∞–ª—Å—è —Å –Ω–µ–º–Ω–æ–≥–æ—á–∏—Å–ª–µ–Ω–Ω—ã—Ö –∞–∫—Ü–∏–π. –ò–∑–¥–∞–Ω–∏–µ –ø—Ä–∏–≤–æ–¥–∏—Ç –º–Ω–µ–Ω–∏–µ –ø–æ–ª–∏—Ç–æ–ª–æ–≥–∞ –§–µ—Å–µ–Ω–∫–æ, —á—Ç–æ —Ä–µ–π—Ç–∏–Ω–≥ –ó–µ–ª–µ–Ω—Å–∫–æ–≥–æ –º–æ–∂–µ—Ç —É–ø–∞—Å—Ç—å, –∞ ¬´–ª—é–±—ã–µ –≤—ã–≥–æ–¥—ã, –∫–æ—Ç–æ—Ä—ã–µ –ó–µ–ª–µ–Ω—Å–∫–∏–π –º–æ–∂–µ—Ç –ø–æ–ª—É—á–∏—Ç—å –æ—Ç –ø–æ–¥–∞–≤–ª–µ–Ω–∏—è –∞–Ω—Ç–∏–∫–æ—Ä—Ä—É–ø—Ü–∏–æ–Ω–Ω—ã—Ö –≤–µ–¥–æ–º—Å—Ç–≤, –º–æ–≥—É—Ç –±—ã—Ç—å –ø–µ—Ä–µ–≤–µ—à–µ–Ω—ã –≤–æ–∑–º–æ–∂–Ω—ã–º–∏ –¥–æ–ª–≥–æ—Å—Ä–æ—á–Ω—ã–º–∏ –Ω–µ–¥–æ—Å—Ç–∞—Ç–∫–∞–º–∏¬ª.
‚ñ™–ü—Ä–∏ —ç—Ç–æ–º ¬´–Ω–µ—è—Å–Ω–æ, –ø–æ—á–µ–º—É –ó–µ–ª–µ–Ω—Å–∫–∏–π —Å—á—ë–ª –Ω–µ–æ–±—Ö–æ–¥–∏–º—ã–º –≤—ã—Å—Ç—É–ø–∏—Ç—å –ø—Ä–æ—Ç–∏–≤ –ù–ê–ë–£ –∏ –°–ê–ü¬ª, –∫–æ—Ç–æ—Ä—ã–µ –±—ã–ª–∏ —Å–æ–∑–¥–∞–Ω—ã –ø—Ä–∏ –ø–æ–¥–¥–µ—Ä–∂–∫–µ –ó–∞–ø–∞–¥–∞, –∞ –¥–µ—Ç–µ–∫—Ç–∏–≤—ã –ø—Ä–æ—Ö–æ–¥–∏–ª–∏ –æ–±—É—á–µ–Ω–∏–µ –≤ –§–ë–†. –î–æ—Å—Ç–æ–≤–µ—Ä–Ω—ã—Ö –æ–±–≤–∏–Ω–µ–Ω–∏–π –≤ –ª–∏—á–Ω–æ–π –∫–æ—Ä—Ä—É–ø—Ü–∏–∏ –ó–µ–ª–µ–Ω—Å–∫–æ–≥–æ –Ω–µ –ø–æ—Å—Ç—É–ø–∞–ª–æ, –∞ –µ–≥–æ —Ä–µ–π—Ç–∏–Ω–≥ –¥–æ–≤–µ—Ä–∏—è –æ—Å—Ç–∞—ë—Ç—Å—è –≤—ã—Å–æ–∫–∏–º. –û–¥–Ω–∞–∫–æ –≤ –ø—Ä–æ—à–ª–æ–º –º–µ—Å—è—Ü–µ –ù–ê–ë–£ –ø—Ä–µ–¥—ä—è–≤–∏–ª–æ –ø–æ–¥–æ–∑—Ä–µ–Ω–∏–µ –≤–∏—Ü–µ-–ø—Ä–µ–º—å–µ—Ä—É –ß–µ—Ä–Ω—ã—à–æ–≤—É, –∫–æ—Ç–æ—Ä—ã–π —Å—á–∏—Ç–∞–µ—Ç—Å—è –±–ª–∏–∑–∫–∏–º –∫ –ó–µ–ª–µ–Ω—Å–∫–æ–º—É.

***

üá∫üá¶ –í–ª–∞–¥–∏–º–∏—Ä –ü–æ–ª–æ—á–∞–Ω–∏–Ω–æ–≤ —Ö–æ—Ä–æ—à–æ –Ω–∞–ø–∏—Å–∞–ª –ø—Ä–æ —Ç–µ–∫—É—â–∏–µ –ø—Ä–æ—Ç–µ—Å—Ç—ã:
